data_date,table_type,name,rank,change_pct,deviation_pct,volume_ratio,benchmark,benchmark_change_pct,previous_rank,continuous,article_stance,article_evidence,group,action,source_image
2026-05-29,index,纳指100,4,0.37,4.09,1.09,标普500,0.25,,False,neutral,,等待,观察,data/yupen-images/2026-06-01_9f877863_index_79ff95db.jpg
2026-05-29,index,创业板指,5,-2.11,3.06,1.05,中证A500,-1.13,,False,neutral,,等待,观察,data/yupen-images/2026-06-01_9f877863_index_79ff95db.jpg
2026-05-29,index,科创50,7,-5.04,0.92,1.15,中证A500,-1.13,,False,neutral,,等待,观察,data/yupen-images/2026-06-01_9f877863_index_79ff95db.jpg
2026-05-29,index,沪深300,8,-0.45,0.16,1.17,中证A500,-1.13,,False,neutral,,等待,观察,data/yupen-images/2026-06-01_9f877863_index_79ff95db.jpg
2026-05-29,index,恒生科技,11,-0.09,-1.43,1.6,恒生指数,0.7,,False,neutral,,回避,不纳入,data/yupen-images/2026-06-01_9f877863_index_79ff95db.jpg
2026-05-29,index,上证50,12,0.24,-1.78,1.3,中证A500,-1.13,,False,neutral,,回避,不纳入,data/yupen-images/2026-06-01_9f877863_index_79ff95db.jpg
2026-05-29,index,中证500,14,-2.38,-2.84,1.17,中证A500,-1.13,,False,neutral,,回避,不纳入,data/yupen-images/2026-06-01_9f877863_index_79ff95db.jpg
2026-05-29,index,国企指数,15,0.73,-2.98,1.89,恒生指数,0.7,,False,neutral,,回避,不纳入,data/yupen-images/2026-06-01_9f877863_index_79ff95db.jpg
2026-05-29,index,中证1000,16,-2.65,-3.07,1.1,中证A500,-1.13,,False,neutral,,回避,不纳入,data/yupen-images/2026-06-01_9f877863_index_79ff95db.jpg
2026-05-29,index,中证2000,18,-3.32,-4.49,1.12,中证A500,-1.13,,False,neutral,,回避,不纳入,data/yupen-images/2026-06-01_9f877863_index_79ff95db.jpg
2026-05-29,index,微盘股,19,-1.91,-7.55,1.17,中证A500,-1.13,,False,neutral,,回避,不纳入,data/yupen-images/2026-06-01_9f877863_index_79ff95db.jpg
2026-05-29,index,北证50,20,-3.24,-7.92,1.07,中证A500,-1.13,,False,neutral,,回避,不纳入,data/yupen-images/2026-06-01_9f877863_index_79ff95db.jpg
2026-05-29,sector,中证煤炭,1,2.38,2.76,1.21,中证A500,-1.13,,False,neutral,,试探,等待确认,data/yupen-images/2026-06-01_9f877863_sector_b592486b.jpg
2026-05-29,sector,半导体,2,-6.22,0.4,1.07,中证A500,-1.13,,False,neutral,,等待,观察,data/yupen-images/2026-06-01_9f877863_sector_b592486b.jpg
2026-05-29,sector,中证红利,3,1.18,-1.86,1.32,中证A500,-1.13,,False,neutral,,等待,观察,data/yupen-images/2026-06-01_9f877863_sector_b592486b.jpg
2026-05-29,sector,新能源,4,-3.05,-2.16,1.21,中证A500,-1.13,,False,neutral,,回避,不纳入,data/yupen-images/2026-06-01_9f877863_sector_b592486b.jpg
2026-05-29,sector,机器人,5,-4.09,-2.33,0.83,中证A500,-1.13,,False,neutral,,回避,不纳入,data/yupen-images/2026-06-01_9f877863_sector_b592486b.jpg
2026-05-29,sector,证券公司,6,1.08,-2.95,1.15,中证A500,-1.13,,False,neutral,,回避,不纳入,data/yupen-images/2026-06-01_9f877863_sector_b592486b.jpg
2026-05-29,sector,中证消费,7,2.53,-3.28,1.27,中证A500,-1.13,,False,neutral,,回避,不纳入,data/yupen-images/2026-06-01_9f877863_sector_b592486b.jpg
2026-05-29,sector,电网设备,8,-2.06,-3.64,1.22,中证A500,-1.13,,False,neutral,,回避,不纳入,data/yupen-images/2026-06-01_9f877863_sector_b592486b.jpg
2026-05-29,sector,中证医疗,9,-0.21,-4.64,1.11,中证A500,-1.13,,False,neutral,,回避,不纳入,data/yupen-images/2026-06-01_9f877863_sector_b592486b.jpg
2026-05-29,sector,房地产,10,0.67,-5.21,1.54,中证A500,-1.13,,False,neutral,,回避,不纳入,data/yupen-images/2026-06-01_9f877863_sector_b592486b.jpg
2026-05-29,sector,商业航天,11,-4.32,-5.3,1.12,中证A500,-1.13,,False,neutral,,回避,不纳入,data/yupen-images/2026-06-01_9f877863_sector_b592486b.jpg
2026-05-29,sector,有色金属,12,-1.54,-5.99,1.05,中证A500,-1.13,,False,neutral,,回避,不纳入,data/yupen-images/2026-06-01_9f877863_sector_b592486b.jpg
2026-05-29,sector,光伏设备,13,-4.65,-7.53,1.04,中证A500,-1.13,,False,neutral,,回避,不纳入,data/yupen-images/2026-06-01_9f877863_sector_b592486b.jpg
2026-05-29,sector,细分化工,14,-2.29,-8.71,0.88,中证A500,-1.13,,False,neutral,,回避,不纳入,data/yupen-images/2026-06-01_9f877863_sector_b592486b.jpg
2026-06-01,index,纳指100,4,0.6,4.21,0.98,标普500,0.26,4,False,neutral,,等待,观察,data/yupen-images/2026-06-02_0564919f_index_5209691f.jpg
2026-06-01,index,创业板指,6,-2.15,0.51,0.94,中证A500,-1.14,5,False,neutral,,等待,观察,data/yupen-images/2026-06-02_0564919f_index_5209691f.jpg
2026-06-01,index,恒生科技,7,1.65,0.1,0.9,恒生指数,0.86,11,False,neutral,,等待,观察,data/yupen-images/2026-06-02_0564919f_index_5209691f.jpg
2026-06-01,index,沪深300,8,-0.98,-0.86,1.01,中证A500,-1.14,8,False,neutral,,回避,不纳入,data/yupen-images/2026-06-02_0564919f_index_5209691f.jpg
2026-06-01,index,国企指数,11,0.97,-1.94,0.82,恒生指数,0.86,15,False,neutral,,回避,不纳入,data/yupen-images/2026-06-02_0564919f_index_5209691f.jpg
2026-06-01,index,上证50,13,-0.94,-2.63,1.07,中证A500,-1.14,12,False,neutral,,回避,不纳入,data/yupen-images/2026-06-02_0564919f_index_5209691f.jpg
2026-06-01,index,中证500,14,-1.02,-3.79,1.02,中证A500,-1.14,14,False,neutral,,回避,不纳入,data/yupen-images/2026-06-02_0564919f_index_5209691f.jpg
2026-06-01,index,中证1000,15,-0.76,-3.79,0.98,中证A500,-1.14,16,False,neutral,,回避,不纳入,data/yupen-images/2026-06-02_0564919f_index_5209691f.jpg
2026-06-01,index,微盘股,16,3.57,-4.12,1.13,中证A500,-1.14,19,False,neutral,,回避,不纳入,data/yupen-images/2026-06-02_0564919f_index_5209691f.jpg
2026-06-01,index,中证2000,18,-0.05,-4.49,0.97,中证A500,-1.14,18,False,neutral,,回避,不纳入,data/yupen-images/2026-06-02_0564919f_index_5209691f.jpg
2026-06-01,index,科创50,19,-5.0,-4.64,0.79,中证A500,-1.14,7,False,neutral,,回避,不纳入,data/yupen-images/2026-06-02_0564919f_index_5209691f.jpg
2026-06-01,index,北证50,20,0.45,-7.21,0.96,中证A500,-1.14,20,False,neutral,,回避,不纳入,data/yupen-images/2026-06-02_0564919f_index_5209691f.jpg
2026-06-01,sector,中证煤炭,1,6.52,9.3,1.85,中证A500,-1.14,1,True,neutral,,试探,不追高,data/yupen-images/2026-06-02_0564919f_sector_973a9680.jpg
2026-06-01,sector,中证红利,2,2.64,0.88,1.35,中证A500,-1.14,3,True,neutral,,试探,等待文章确认,data/yupen-images/2026-06-02_0564919f_sector_973a9680.jpg
2026-06-01,sector,中证消费,3,0.41,-2.5,1.06,中证A500,-1.14,7,False,neutral,,等待,观察,data/yupen-images/2026-06-02_0564919f_sector_973a9680.jpg
2026-06-01,sector,证券公司,4,0.24,-2.55,0.9,中证A500,-1.14,6,False,neutral,,回避,不纳入,data/yupen-images/2026-06-02_0564919f_sector_973a9680.jpg
2026-06-01,sector,电网设备,5,1.01,-2.7,0.95,中证A500,-1.14,8,False,neutral,,回避,不纳入,data/yupen-images/2026-06-02_0564919f_sector_973a9680.jpg
2026-06-01,sector,新能源,6,-0.94,-2.94,1.18,中证A500,-1.14,4,False,neutral,,回避,不纳入,data/yupen-images/2026-06-02_0564919f_sector_973a9680.jpg
2026-06-01,sector,机器人,7,-1.36,-3.99,0.68,中证A500,-1.14,5,False,neutral,,回避,不纳入,data/yupen-images/2026-06-02_0564919f_sector_973a9680.jpg
2026-06-01,sector,半导体,8,-3.92,-4.07,0.79,中证A500,-1.14,2,False,neutral,,回避,不纳入,data/yupen-images/2026-06-02_0564919f_sector_973a9680.jpg
2026-06-01,sector,房地产,9,0.49,-4.55,1.16,中证A500,-1.14,10,False,neutral,,回避,不纳入,data/yupen-images/2026-06-02_0564919f_sector_973a9680.jpg
2026-06-01,sector,中证医疗,10,-0.67,-4.88,0.89,中证A500,-1.14,9,False,neutral,,回避,不纳入,data/yupen-images/2026-06-02_0564919f_sector_973a9680.jpg
2026-06-01,sector,商业航天,11,-0.3,-5.54,0.86,中证A500,-1.14,11,False,neutral,,回避,不纳入,data/yupen-images/2026-06-02_0564919f_sector_973a9680.jpg
2026-06-01,sector,有色金属,12,-0.79,-6.29,0.75,中证A500,-1.14,12,False,neutral,,回避,不纳入,data/yupen-images/2026-06-02_0564919f_sector_973a9680.jpg
2026-06-01,sector,细分化工,13,1.56,-6.61,0.94,中证A500,-1.14,14,False,neutral,,回避,不纳入,data/yupen-images/2026-06-02_0564919f_sector_973a9680.jpg
2026-06-01,sector,光伏设备,14,0.21,-7.13,0.81,中证A500,-1.14,13,False,neutral,,回避,不纳入,data/yupen-images/2026-06-02_0564919f_sector_973a9680.jpg
2026-06-03,index,创业板指,4,1.65,3.93,1.02,中证A500,0.55,6,False,neutral,,等待,观察,data/yupen-images/2026-06-04_534583d8_index_703d778a.jpg
2026-06-03,index,纳指100,5,-0.26,3.48,0.19,标普500,-0.72,4,False,neutral,,等待,观察,data/yupen-images/2026-06-04_534583d8_index_703d778a.jpg
2026-06-03,index,恒生科技,6,-2.74,1.59,0.78,恒生指数,-1.56,7,False,neutral,,等待,观察,data/yupen-images/2026-06-04_534583d8_index_703d778a.jpg
2026-06-03,index,沪深300,8,0.49,0.9,1.03,中证A500,0.55,8,False,neutral,,等待,观察,data/yupen-images/2026-06-04_534583d8_index_703d778a.jpg
2026-06-03,index,国企指数,10,1.9,-0.83,0.66,恒生指数,-1.56,11,False,neutral,,回避,不纳入,data/yupen-images/2026-06-04_534583d8_index_703d778a.jpg
2026-06-03,index,上证50,12,0.02,-1.42,0.94,中证A500,0.55,13,False,neutral,,回避,不纳入,data/yupen-images/2026-06-04_534583d8_index_703d778a.jpg
2026-06-03,index,科创50,13,2.11,-1.54,0.85,中证A500,0.55,19,False,neutral,,回避,不纳入,data/yupen-images/2026-06-04_534583d8_index_703d778a.jpg
2026-06-03,index,中证500,15,0.49,-2.62,0.99,中证A500,0.55,14,False,neutral,,回避,不纳入,data/yupen-images/2026-06-04_534583d8_index_703d778a.jpg
2026-06-03,index,中证1000,16,0.57,-2.71,1.03,中证A500,0.55,15,False,neutral,,回避,不纳入,data/yupen-images/2026-06-04_534583d8_index_703d778a.jpg
2026-06-03,index,中证2000,17,0.19,-4.31,1.0,中证A500,0.55,18,False,neutral,,回避,不纳入,data/yupen-images/2026-06-04_534583d8_index_703d778a.jpg
2026-06-03,index,微盘股,19,-1.59,-6.51,0.87,中证A500,0.55,16,False,neutral,,回避,不纳入,data/yupen-images/2026-06-04_534583d8_index_703d778a.jpg
2026-06-03,index,北证50,20,-0.48,-6.81,1.08,中证A500,0.55,20,False,neutral,,回避,不纳入,data/yupen-images/2026-06-04_534583d8_index_703d778a.jpg
2026-06-03,sector,中证煤炭,1,3.59,11.58,1.45,中证A500,0.55,1,True,neutral,,试探,不追高,data/yupen-images/2026-06-04_534583d8_sector_98a8614e.jpg
2026-06-03,sector,中证红利,2,-0.04,0.81,0.99,中证A500,0.55,2,True,neutral,,趋势保持,不新增,data/yupen-images/2026-06-04_534583d8_sector_98a8614e.jpg
2026-06-03,sector,有色金属,3,0.83,-1.58,1.11,中证A500,0.55,12,False,neutral,,等待,观察,data/yupen-images/2026-06-04_534583d8_sector_98a8614e.jpg
2026-06-03,sector,半导体,4,2.34,-2.09,0.9,中证A500,0.55,8,False,neutral,,回避,不纳入,data/yupen-images/2026-06-04_534583d8_sector_98a8614e.jpg
2026-06-03,sector,证券公司,5,-0.19,-2.16,0.98,中证A500,0.55,4,False,neutral,,回避,不纳入,data/yupen-images/2026-06-04_534583d8_sector_98a8614e.jpg
2026-06-03,sector,机器人,6,0.44,-2.72,0.95,中证A500,0.55,7,False,neutral,,回避,不纳入,data/yupen-images/2026-06-04_534583d8_sector_98a8614e.jpg
2026-06-03,sector,新能源,7,-0.96,-3.67,0.95,中证A500,0.55,6,False,neutral,,回避,不纳入,data/yupen-images/2026-06-04_534583d8_sector_98a8614e.jpg
2026-06-03,sector,中证消费,8,-1.37,-4.39,0.93,中证A500,0.55,3,False,neutral,,回避,不纳入,data/yupen-images/2026-06-04_534583d8_sector_98a8614e.jpg
2026-06-03,sector,商业航天,9,0.65,-4.6,1.05,中证A500,0.55,11,False,neutral,,回避,不纳入,data/yupen-images/2026-06-04_534583d8_sector_98a8614e.jpg
2026-06-03,sector,电网设备,10,-0.98,-5.04,0.97,中证A500,0.55,5,False,neutral,,回避,不纳入,data/yupen-images/2026-06-04_534583d8_sector_98a8614e.jpg
2026-06-03,sector,细分化工,11,-0.19,-5.1,0.95,中证A500,0.55,13,False,neutral,,回避,不纳入,data/yupen-images/2026-06-04_534583d8_sector_98a8614e.jpg
2026-06-03,sector,中证医疗,12,-1.47,-6.26,0.92,中证A500,0.55,10,False,neutral,,回避,不纳入,data/yupen-images/2026-06-04_534583d8_sector_98a8614e.jpg
2026-06-03,sector,房地产,13,-0.98,-6.27,1.0,中证A500,0.55,9,False,neutral,,回避,不纳入,data/yupen-images/2026-06-04_534583d8_sector_98a8614e.jpg
2026-06-03,sector,光伏设备,14,-0.61,-8.79,0.8,中证A500,0.55,14,False,neutral,,回避,不纳入,data/yupen-images/2026-06-04_534583d8_sector_98a8614e.jpg
2026-06-04,index,创业板指,4,-0.83,2.74,0.95,中证A500,-0.5,4,False,neutral,,等待,观察,data/yupen-images/2026-06-05_5eea4c5c_index_78ee52bd.jpg
2026-06-04,index,纳指100,5,-0.51,2.64,1.17,标普500,0.38,5,False,neutral,,等待,观察,data/yupen-images/2026-06-05_5eea4c5c_index_78ee52bd.jpg
2026-06-04,index,沪深300,7,-0.69,0.2,0.89,中证A500,-0.5,8,False,neutral,,等待,观察,data/yupen-images/2026-06-05_5eea4c5c_index_78ee52bd.jpg
2026-06-04,index,恒生科技,8,-1.61,-0.04,0.67,恒生指数,-1.48,6,False,neutral,,回避,不纳入,data/yupen-images/2026-06-05_5eea4c5c_index_78ee52bd.jpg
2026-06-04,index,科创50,10,0.69,-1.03,0.79,中证A500,-0.5,13,False,neutral,,回避,不纳入,data/yupen-images/2026-06-05_5eea4c5c_index_78ee52bd.jpg
2026-06-04,index,国企指数,11,-1.1,-1.76,0.57,恒生指数,-1.48,10,False,neutral,,回避,不纳入,data/yupen-images/2026-06-05_5eea4c5c_index_78ee52bd.jpg
2026-06-04,index,上证50,14,-1.01,-2.17,0.75,中证A500,-0.5,12,False,neutral,,回避,不纳入,data/yupen-images/2026-06-05_5eea4c5c_index_78ee52bd.jpg
2026-06-04,index,中证500,15,-0.06,-2.5,0.91,中证A500,-0.5,15,False,neutral,,回避,不纳入,data/yupen-images/2026-06-05_5eea4c5c_index_78ee52bd.jpg
2026-06-04,index,中证1000,16,-0.15,-2.68,0.92,中证A500,-0.5,16,False,neutral,,回避,不纳入,data/yupen-images/2026-06-05_5eea4c5c_index_78ee52bd.jpg
2026-06-04,index,中证2000,17,-0.14,-4.18,0.98,中证A500,-0.5,17,False,neutral,,回避,不纳入,data/yupen-images/2026-06-05_5eea4c5c_index_78ee52bd.jpg
2026-06-04,index,北证50,19,-1.28,-7.38,1.05,中证A500,-0.5,20,False,neutral,,回避,不纳入,data/yupen-images/2026-06-05_5eea4c5c_index_78ee52bd.jpg
2026-06-04,index,微盘股,20,-2.11,-7.94,0.8,中证A500,-0.5,19,False,neutral,,回避,不纳入,data/yupen-images/2026-06-05_5eea4c5c_index_78ee52bd.jpg
2026-06-04,sector,中证煤炭,1,2.24,13.32,1.31,中证A500,-0.5,1,True,neutral,,试探,不追高,data/yupen-images/2026-06-05_5eea4c5c_sector_72361fc9.jpg
2026-06-04,sector,中证红利,2,-0.44,0.46,0.86,中证A500,-0.5,2,True,neutral,,试探,等待确认,data/yupen-images/2026-06-05_5eea4c5c_sector_72361fc9.jpg
2026-06-04,sector,半导体,3,1.36,-1.08,0.81,中证A500,-0.5,4,False,neutral,,等待,观察,data/yupen-images/2026-06-05_5eea4c5c_sector_72361fc9.jpg
2026-06-04,sector,机器人,4,0.23,-2.62,0.98,中证A500,-0.5,6,False,neutral,,回避,不纳入,data/yupen-images/2026-06-05_5eea4c5c_sector_72361fc9.jpg
2026-06-04,sector,证券公司,5,-1.14,-2.97,0.89,中证A500,-0.5,5,False,neutral,,回避,不纳入,data/yupen-images/2026-06-05_5eea4c5c_sector_72361fc9.jpg
2026-06-04,sector,有色金属,6,-3.14,-4.09,1.06,中证A500,-0.5,3,False,neutral,,回避,不纳入,data/yupen-images/2026-06-05_5eea4c5c_sector_72361fc9.jpg
2026-06-04,sector,商业航天,7,-0.2,-4.54,0.92,中证A500,-0.5,9,False,neutral,,回避,不纳入,data/yupen-images/2026-06-05_5eea4c5c_sector_72361fc9.jpg
2026-06-04,sector,新能源,8,-1.92,-5.12,0.94,中证A500,-0.5,7,False,neutral,,回避,不纳入,data/yupen-images/2026-06-05_5eea4c5c_sector_72361fc9.jpg
2026-06-04,sector,中证消费,9,-1.81,-5.56,0.88,中证A500,-0.5,8,False,neutral,,回避,不纳入,data/yupen-images/2026-06-05_5eea4c5c_sector_72361fc9.jpg
2026-06-04,sector,细分化工,10,-2.0,-6.31,1.02,中证A500,-0.5,11,False,neutral,,回避,不纳入,data/yupen-images/2026-06-05_5eea4c5c_sector_72361fc9.jpg
2026-06-04,sector,房地产,11,-0.97,-6.66,0.89,中证A500,-0.5,13,False,neutral,,回避,不纳入,data/yupen-images/2026-06-05_5eea4c5c_sector_72361fc9.jpg
2026-06-04,sector,电网设备,12,-2.19,-6.76,0.9,中证A500,-0.5,10,False,neutral,,回避,不纳入,data/yupen-images/2026-06-05_5eea4c5c_sector_72361fc9.jpg
2026-06-04,sector,中证医疗,13,-1.5,-7.08,0.91,中证A500,-0.5,12,False,neutral,,回避,不纳入,data/yupen-images/2026-06-05_5eea4c5c_sector_72361fc9.jpg
2026-06-04,sector,光伏设备,14,0.69,-7.7,0.93,中证A500,-0.5,14,False,neutral,,回避,不纳入,data/yupen-images/2026-06-05_5eea4c5c_sector_72361fc9.jpg
2026-06-08,index,北证50,2,1.33,0.0,1.32,中证A500,-2.55,19,False,neutral,,等待,观察,data/yupen-images/2026-06-09_7d411618_index_6d334f90.jpg
2026-06-08,index,纳指100,4,1.56,-0.83,0.97,标普500,0.23,5,False,neutral,,回避,不纳入,data/yupen-images/2026-06-09_7d411618_index_6d334f90.jpg
2026-06-08,index,国企指数,6,-1.13,-3.02,1.1,恒生指数,-1.22,11,False,neutral,,回避,不纳入,data/yupen-images/2026-06-09_7d411618_index_6d334f90.jpg
2026-06-08,index,沪深300,7,-2.14,-3.42,1.03,中证A500,-2.55,7,False,neutral,,回避,不纳入,data/yupen-images/2026-06-09_7d411618_index_6d334f90.jpg
2026-06-08,index,上证50,9,-1.43,-3.85,1.18,中证A500,-2.55,14,False,neutral,,回避,不纳入,data/yupen-images/2026-06-09_7d411618_index_6d334f90.jpg
2026-06-08,index,恒生科技,10,-2.71,-3.9,1.09,恒生指数,-1.22,8,False,neutral,,回避,不纳入,data/yupen-images/2026-06-09_7d411618_index_6d334f90.jpg
2026-06-08,index,创业板指,11,-3.69,-4.27,1.07,中证A500,-2.55,4,False,neutral,,回避,不纳入,data/yupen-images/2026-06-09_7d411618_index_6d334f90.jpg
2026-06-08,index,中证1000,15,-3.11,-5.96,1.0,中证A500,-2.55,16,False,neutral,,回避,不纳入,data/yupen-images/2026-06-09_7d411618_index_6d334f90.jpg
2026-06-08,index,中证500,16,-3.49,-6.36,1.0,中证A500,-2.55,15,False,neutral,,回避,不纳入,data/yupen-images/2026-06-09_7d411618_index_6d334f90.jpg
2026-06-08,index,中证2000,17,-3.23,-6.39,1.05,中证A500,-2.55,17,False,neutral,,回避,不纳入,data/yupen-images/2026-06-09_7d411618_index_6d334f90.jpg
2026-06-08,index,微盘股,18,-2.64,-7.83,0.99,中证A500,-2.55,20,False,neutral,,回避,不纳入,data/yupen-images/2026-06-09_7d411618_index_6d334f90.jpg
2026-06-08,index,科创50,19,-4.3,-8.9,0.97,中证A500,-2.55,10,False,neutral,,回避,不纳入,data/yupen-images/2026-06-09_7d411618_index_6d334f90.jpg
2026-06-08,sector,中证煤炭,1,-0.38,9.17,0.82,中证A500,-2.55,1,True,neutral,,试探,不追高,data/yupen-images/2026-06-09_7d411618_sector_cc4f09ed.jpg
2026-06-08,sector,机器人,2,0.47,0.28,1.34,中证A500,-2.55,4,False,neutral,,试探,等待确认,data/yupen-images/2026-06-09_7d411618_sector_cc4f09ed.jpg
2026-06-08,sector,中证红利,3,-0.88,-0.18,1.1,中证A500,-2.55,2,True,neutral,,等待,观察,data/yupen-images/2026-06-09_7d411618_sector_cc4f09ed.jpg
2026-06-08,sector,证券公司,4,-1.54,-4.22,1.06,中证A500,-2.55,5,False,neutral,,回避,不纳入,data/yupen-images/2026-06-09_7d411618_sector_cc4f09ed.jpg
2026-06-08,sector,商业航天,5,-3.18,-5.74,1.14,中证A500,-2.55,7,False,neutral,,回避,不纳入,data/yupen-images/2026-06-09_7d411618_sector_cc4f09ed.jpg
2026-06-08,sector,中证消费,6,-1.54,-6.33,0.99,中证A500,-2.55,9,False,neutral,,回避,不纳入,data/yupen-images/2026-06-09_7d411618_sector_cc4f09ed.jpg
2026-06-08,sector,细分化工,7,-2.96,-7.51,1.18,中证A500,-2.55,10,False,neutral,,回避,不纳入,data/yupen-images/2026-06-09_7d411618_sector_cc4f09ed.jpg
2026-06-08,sector,中证医疗,8,-2.32,-8.1,0.98,中证A500,-2.55,13,False,neutral,,回避,不纳入,data/yupen-images/2026-06-09_7d411618_sector_cc4f09ed.jpg
2026-06-08,sector,房地产,9,-2.45,-8.18,1.07,中证A500,-2.55,11,False,neutral,,回避,不纳入,data/yupen-images/2026-06-09_7d411618_sector_cc4f09ed.jpg
2026-06-08,sector,半导体,10,-5.13,-8.32,0.85,中证A500,-2.55,3,False,neutral,,回避,不纳入,data/yupen-images/2026-06-09_7d411618_sector_cc4f09ed.jpg
2026-06-08,sector,电网设备,11,-3.89,-9.44,0.98,中证A500,-2.55,12,False,neutral,,回避,不纳入,data/yupen-images/2026-06-09_7d411618_sector_cc4f09ed.jpg
2026-06-08,sector,有色金属,12,-5.7,-9.97,1.05,中证A500,-2.55,6,False,neutral,,回避,不纳入,data/yupen-images/2026-06-09_7d411618_sector_cc4f09ed.jpg
2026-06-08,sector,新能源,13,-3.93,-10.18,0.93,中证A500,-2.55,8,False,neutral,,回避,不纳入,data/yupen-images/2026-06-09_7d411618_sector_cc4f09ed.jpg
2026-06-08,sector,光伏设备,14,-4.02,-10.79,1.03,中证A500,-2.55,14,False,neutral,,回避,不纳入,data/yupen-images/2026-06-09_7d411618_sector_cc4f09ed.jpg
2026-06-09,index,北证50,2,1.64,1.91,0.99,中证A500,2.15,2,True,neutral,,趋势保持,不新增,data/yupen-images/2026-06-10_808d4372_index_dbe535eb.jpg
2026-06-09,index,创业板指,5,3.93,-0.53,0.96,中证A500,2.15,11,False,neutral,,回避,不纳入,data/yupen-images/2026-06-10_808d4372_index_dbe535eb.jpg
2026-06-09,index,沪深300,7,1.87,-1.46,0.89,中证A500,2.15,7,False,neutral,,回避,不纳入,data/yupen-images/2026-06-10_808d4372_index_dbe535eb.jpg
2026-06-09,index,纳指100,8,-1.15,-1.94,1.78,标普500,-0.29,4,False,neutral,,回避,不纳入,data/yupen-images/2026-06-10_808d4372_index_dbe535eb.jpg
2026-06-09,index,国企指数,10,-0.2,-2.9,1.01,恒生指数,-0.37,6,False,neutral,,回避,不纳入,data/yupen-images/2026-06-10_808d4372_index_dbe535eb.jpg
2026-06-09,index,中证1000,11,2.94,-2.92,0.97,中证A500,2.15,15,False,neutral,,回避,不纳入,data/yupen-images/2026-06-10_808d4372_index_dbe535eb.jpg
2026-06-09,index,上证50,12,0.63,-2.94,0.97,中证A500,2.15,9,False,neutral,,回避,不纳入,data/yupen-images/2026-06-10_808d4372_index_dbe535eb.jpg
2026-06-09,index,恒生科技,13,0.29,-3.29,0.78,恒生指数,-0.37,10,False,neutral,,回避,不纳入,data/yupen-images/2026-06-10_808d4372_index_dbe535eb.jpg
2026-06-09,index,中证500,14,2.67,-3.52,0.86,中证A500,2.15,16,False,neutral,,回避,不纳入,data/yupen-images/2026-06-10_808d4372_index_dbe535eb.jpg
2026-06-09,index,中证2000,16,2.23,-3.95,0.95,中证A500,2.15,17,False,neutral,,回避,不纳入,data/yupen-images/2026-06-10_808d4372_index_dbe535eb.jpg
2026-06-09,index,科创50,17,4.17,-4.92,0.88,中证A500,2.15,19,False,neutral,,回避,不纳入,data/yupen-images/2026-06-10_808d4372_index_dbe535eb.jpg
2026-06-09,index,微盘股,19,0.19,-7.01,0.82,中证A500,2.15,18,False,neutral,,回避,不纳入,data/yupen-images/2026-06-10_808d4372_index_dbe535eb.jpg
2026-06-09,sector,中证煤炭,1,-3.91,1.58,0.7,中证A500,2.15,1,True,neutral,,趋势保持,不新增,data/yupen-images/2026-06-11_be84f85a_sector_95cafb16.jpg
2026-06-09,sector,中证红利,2,-0.73,-0.71,0.99,中证A500,2.15,3,True,neutral,,等待,观察,data/yupen-images/2026-06-11_be84f85a_sector_95cafb16.jpg
2026-06-09,sector,证券公司,3,1.23,-1.92,1.11,中证A500,2.15,4,False,neutral,,等待,观察,data/yupen-images/2026-06-11_be84f85a_sector_95cafb16.jpg
2026-06-09,sector,半导体,4,-0.25,-2.61,0.93,中证A500,2.15,10,False,neutral,,回避,不纳入,data/yupen-images/2026-06-11_be84f85a_sector_95cafb16.jpg
2026-06-09,sector,机器人,5,-4.06,-2.8,0.98,中证A500,2.15,2,False,neutral,,回避,不纳入,data/yupen-images/2026-06-11_be84f85a_sector_95cafb16.jpg
2026-06-09,sector,细分化工,6,0.11,-4.72,0.94,中证A500,2.15,7,False,neutral,,回避,不纳入,data/yupen-images/2026-06-11_be84f85a_sector_95cafb16.jpg
2026-06-09,sector,中证消费,7,0.96,-4.8,0.95,中证A500,2.15,6,False,neutral,,回避,不纳入,data/yupen-images/2026-06-11_be84f85a_sector_95cafb16.jpg
2026-06-09,sector,商业航天,8,-2.09,-5.11,1.0,中证A500,2.15,5,False,neutral,,回避,不纳入,data/yupen-images/2026-06-11_be84f85a_sector_95cafb16.jpg
2026-06-09,sector,房地产,9,-0.08,-6.52,0.8,中证A500,2.15,9,False,neutral,,回避,不纳入,data/yupen-images/2026-06-11_be84f85a_sector_95cafb16.jpg
2026-06-09,sector,中证医疗,10,0.13,-7.0,0.92,中证A500,2.15,8,False,neutral,,回避,不纳入,data/yupen-images/2026-06-11_be84f85a_sector_95cafb16.jpg
2026-06-09,sector,有色金属,11,-1.4,-7.03,0.89,中证A500,2.15,12,False,neutral,,回避,不纳入,data/yupen-images/2026-06-11_be84f85a_sector_95cafb16.jpg
2026-06-09,sector,光伏设备,12,-0.77,-7.82,1.27,中证A500,2.15,14,False,neutral,,回避,不纳入,data/yupen-images/2026-06-11_be84f85a_sector_95cafb16.jpg
2026-06-09,sector,新能源,13,-2.67,-9.29,0.78,中证A500,2.15,13,False,neutral,,回避,不纳入,data/yupen-images/2026-06-11_be84f85a_sector_95cafb16.jpg
2026-06-09,sector,电网设备,14,-3.21,-10.19,0.91,中证A500,2.15,11,False,neutral,,回避,不纳入,data/yupen-images/2026-06-11_be84f85a_sector_95cafb16.jpg
2026-06-10,index,北证50,3,-3.16,-0.69,0.93,中证A500,-1.32,2,True,neutral,,等待,观察,data/yupen-images/2026-06-11_be84f85a_index_973a0701.jpg
2026-06-10,index,沪深300,4,-1.11,-2.3,0.91,中证A500,-1.32,7,False,neutral,,回避,不纳入,data/yupen-images/2026-06-11_be84f85a_index_973a0701.jpg
2026-06-10,index,上证50,5,0.27,-2.33,1.08,中证A500,-1.32,12,False,neutral,,回避,不纳入,data/yupen-images/2026-06-11_be84f85a_index_973a0701.jpg
2026-06-10,index,国企指数,6,-0.07,-2.66,1.22,恒生指数,-0.64,10,False,neutral,,回避,不纳入,data/yupen-images/2026-06-11_be84f85a_index_973a0701.jpg
2026-06-10,index,创业板指,9,-2.7,-3.0,0.94,中证A500,-1.32,5,False,neutral,,回避,不纳入,data/yupen-images/2026-06-11_be84f85a_index_973a0701.jpg
2026-06-10,index,恒生科技,11,-0.94,-3.87,1.19,恒生指数,-0.64,13,False,neutral,,回避,不纳入,data/yupen-images/2026-06-11_be84f85a_index_973a0701.jpg
2026-06-10,index,纳指100,12,-2.0,-3.88,1.02,标普500,-1.57,8,False,neutral,,回避,不纳入,data/yupen-images/2026-06-11_be84f85a_index_973a0701.jpg
2026-06-10,index,中证1000,13,-1.44,-3.89,0.95,中证A500,-1.32,11,False,neutral,,回避,不纳入,data/yupen-images/2026-06-11_be84f85a_index_973a0701.jpg
2026-06-10,index,中证500,15,-1.37,-4.36,0.89,中证A500,-1.32,14,False,neutral,,回避,不纳入,data/yupen-images/2026-06-11_be84f85a_index_973a0701.jpg
2026-06-10,index,中证2000,16,-1.79,-5.15,0.95,中证A500,-1.32,16,False,neutral,,回避,不纳入,data/yupen-images/2026-06-11_be84f85a_index_973a0701.jpg
2026-06-10,index,科创50,17,-0.65,-5.22,1.01,中证A500,-1.32,17,False,neutral,,回避,不纳入,data/yupen-images/2026-06-11_be84f85a_index_973a0701.jpg
2026-06-10,index,微盘股,18,-1.7,-7.85,0.78,中证A500,-1.32,19,False,neutral,,回避,不纳入,data/yupen-images/2026-06-11_be84f85a_index_973a0701.jpg
2026-06-11,index,纳指100,2,3.38,-0.55,1.04,标普500,1.68,12,False,neutral,,等待,观察,data/yupen-images/2026-06-12_f665ebd0_index_d25c9bcf.jpg
2026-06-11,index,上证50,5,-0.16,-2.23,0.94,中证A500,-0.51,5,False,neutral,,回避,不纳入,data/yupen-images/2026-06-12_f665ebd0_index_d25c9bcf.jpg
2026-06-11,index,沪深300,7,-0.55,-2.64,0.89,中证A500,-0.51,4,False,neutral,,回避,不纳入,data/yupen-images/2026-06-12_f665ebd0_index_d25c9bcf.jpg
2026-06-11,index,国企指数,9,-1.22,-3.47,0.96,恒生指数,-0.65,6,False,neutral,,回避,不纳入,data/yupen-images/2026-06-12_f665ebd0_index_d25c9bcf.jpg
2026-06-11,index,北证50,10,-3.34,-3.54,0.89,中证A500,-0.51,3,False,neutral,,回避,不纳入,data/yupen-images/2026-06-12_f665ebd0_index_d25c9bcf.jpg
2026-06-11,index,创业板指,11,-1.13,-3.91,0.93,中证A500,-0.51,9,False,neutral,,回避,不纳入,data/yupen-images/2026-06-12_f665ebd0_index_d25c9bcf.jpg
2026-06-11,index,中证1000,12,-0.48,-4.0,0.91,中证A500,-0.51,13,False,neutral,,回避,不纳入,data/yupen-images/2026-06-12_f665ebd0_index_d25c9bcf.jpg
2026-06-11,index,中证500,14,-0.35,-4.33,0.86,中证A500,-0.51,15,False,neutral,,回避,不纳入,data/yupen-images/2026-06-12_f665ebd0_index_d25c9bcf.jpg
2026-06-11,index,科创50,15,0.62,-4.48,0.92,中证A500,-0.51,17,False,neutral,,回避,不纳入,data/yupen-images/2026-06-12_f665ebd0_index_d25c9bcf.jpg
2026-06-11,index,恒生科技,16,-1.46,-4.84,0.93,恒生指数,-0.65,11,False,neutral,,回避,不纳入,data/yupen-images/2026-06-12_f665ebd0_index_d25c9bcf.jpg
2026-06-11,index,中证2000,18,-0.63,-5.32,0.9,中证A500,-0.51,16,False,neutral,,回避,不纳入,data/yupen-images/2026-06-12_f665ebd0_index_d25c9bcf.jpg
2026-06-11,index,微盘股,20,-1.57,-8.52,0.83,中证A500,-0.51,18,False,neutral,,回避,不纳入,data/yupen-images/2026-06-12_f665ebd0_index_d25c9bcf.jpg
2026-06-11,sector,中证煤炭,1,0.09,1.25,0.64,中证A500,-0.51,1,True,neutral,,试探,等待确认,data/yupen-images/2026-06-12_f665ebd0_sector_61e0afc1.jpg
2026-06-11,sector,半导体,2,1.82,-0.84,0.98,中证A500,-0.51,4,False,neutral,,等待,观察,data/yupen-images/2026-06-12_f665ebd0_sector_61e0afc1.jpg
2026-06-11,sector,中证红利,3,-0.4,-0.98,0.88,中证A500,-0.51,2,True,neutral,,等待,观察,data/yupen-images/2026-06-12_f665ebd0_sector_61e0afc1.jpg
2026-06-11,sector,证券公司,4,-0.94,-2.62,1.01,中证A500,-0.51,3,False,neutral,,回避,不纳入,data/yupen-images/2026-06-12_f665ebd0_sector_61e0afc1.jpg
2026-06-11,sector,细分化工,5,1.06,-3.22,0.94,中证A500,-0.51,6,False,neutral,,回避,不纳入,data/yupen-images/2026-06-12_f665ebd0_sector_61e0afc1.jpg
2026-06-11,sector,中证消费,6,-0.06,-4.33,0.94,中证A500,-0.51,7,False,neutral,,回避,不纳入,data/yupen-images/2026-06-12_f665ebd0_sector_61e0afc1.jpg
2026-06-11,sector,有色金属,7,1.95,-4.59,0.97,中证A500,-0.51,11,False,neutral,,回避,不纳入,data/yupen-images/2026-06-12_f665ebd0_sector_61e0afc1.jpg
2026-06-11,sector,商业航天,8,-0.72,-5.34,0.94,中证A500,-0.51,8,False,neutral,,回避,不纳入,data/yupen-images/2026-06-12_f665ebd0_sector_61e0afc1.jpg
2026-06-11,sector,机器人,9,-3.59,-6.11,0.78,中证A500,-0.51,5,False,neutral,,回避,不纳入,data/yupen-images/2026-06-12_f665ebd0_sector_61e0afc1.jpg
2026-06-11,sector,房地产,10,-0.37,-6.19,0.82,中证A500,-0.51,9,False,neutral,,回避,不纳入,data/yupen-images/2026-06-12_f665ebd0_sector_61e0afc1.jpg
2026-06-11,sector,中证医疗,11,0.02,-6.41,1.0,中证A500,-0.51,10,False,neutral,,回避,不纳入,data/yupen-images/2026-06-12_f665ebd0_sector_61e0afc1.jpg
2026-06-11,sector,光伏设备,12,-1.2,-8.12,1.04,中证A500,-0.51,12,False,neutral,,回避,不纳入,data/yupen-images/2026-06-12_f665ebd0_sector_61e0afc1.jpg
2026-06-11,sector,新能源,13,-0.08,-8.82,0.89,中证A500,-0.51,13,False,neutral,,回避,不纳入,data/yupen-images/2026-06-12_f665ebd0_sector_61e0afc1.jpg
2026-06-11,sector,电网设备,14,-1.99,-11.2,0.82,中证A500,-0.51,14,False,neutral,,回避,不纳入,data/yupen-images/2026-06-12_f665ebd0_sector_61e0afc1.jpg
2026-06-12,index,纳指100,4,0.59,-0.14,0.68,标普500,0.54,2,False,neutral,,回避,不纳入,data/yupen-images/2026-06-15_b5accfa1_index_cddcfc26.jpg
2026-06-12,index,上证50,6,1.58,-0.58,1.42,中证A500,1.0,5,False,neutral,,回避,不纳入,data/yupen-images/2026-06-15_b5accfa1_index_cddcfc26.jpg
2026-06-12,index,国企指数,7,1.91,-1.34,1.01,恒生指数,1.93,9,False,neutral,,回避,不纳入,data/yupen-images/2026-06-15_b5accfa1_index_cddcfc26.jpg
2026-06-12,index,沪深300,8,1.16,-1.42,1.23,中证A500,1.0,7,False,neutral,,回避,不纳入,data/yupen-images/2026-06-15_b5accfa1_index_cddcfc26.jpg
2026-06-12,index,中证1000,11,0.53,-3.22,1.12,中证A500,1.0,12,False,neutral,,回避,不纳入,data/yupen-images/2026-06-15_b5accfa1_index_cddcfc26.jpg
2026-06-12,index,中证500,12,0.88,-3.25,1.2,中证A500,1.0,14,False,neutral,,回避,不纳入,data/yupen-images/2026-06-15_b5accfa1_index_cddcfc26.jpg
2026-06-12,index,创业板指,13,0.5,-3.31,1.07,中证A500,1.0,11,False,neutral,,回避,不纳入,data/yupen-images/2026-06-15_b5accfa1_index_cddcfc26.jpg
2026-06-12,index,恒生科技,14,1.06,-3.45,0.93,恒生指数,1.93,16,False,neutral,,回避,不纳入,data/yupen-images/2026-06-15_b5accfa1_index_cddcfc26.jpg
2026-06-12,index,北证50,15,-0.78,-3.8,0.81,中证A500,1.0,10,False,neutral,,回避,不纳入,data/yupen-images/2026-06-15_b5accfa1_index_cddcfc26.jpg
2026-06-12,index,科创50,16,0.05,-4.32,1.37,中证A500,1.0,15,False,neutral,,回避,不纳入,data/yupen-images/2026-06-15_b5accfa1_index_cddcfc26.jpg
2026-06-12,index,中证2000,17,0.5,-4.43,1.01,中证A500,1.0,18,False,neutral,,回避,不纳入,data/yupen-images/2026-06-15_b5accfa1_index_cddcfc26.jpg
2026-06-12,index,微盘股,19,1.03,-6.9,0.89,中证A500,1.0,20,False,neutral,,回避,不纳入,data/yupen-images/2026-06-15_b5accfa1_index_cddcfc26.jpg
2026-06-12,sector,中证煤炭,1,0.68,1.61,0.88,中证A500,1.0,1,True,neutral,,趋势保持,不新增,data/yupen-images/2026-06-15_b5accfa1_sector_576d65fd.jpg
2026-06-12,sector,证券公司,2,3.5,0.97,1.82,中证A500,1.0,4,False,neutral,,试探,等待确认,data/yupen-images/2026-06-15_b5accfa1_sector_576d65fd.jpg
2026-06-12,sector,中证红利,3,1.49,0.52,1.3,中证A500,1.0,3,True,neutral,,试探,等待文章确认,data/yupen-images/2026-06-15_b5accfa1_sector_576d65fd.jpg
2026-06-12,sector,细分化工,4,3.37,0.39,1.53,中证A500,1.0,5,False,neutral,,等待,观察,data/yupen-images/2026-06-15_b5accfa1_sector_576d65fd.jpg
2026-06-12,sector,有色金属,5,4.36,-0.23,1.59,中证A500,1.0,7,False,neutral,,回避,不纳入,data/yupen-images/2026-06-15_b5accfa1_sector_576d65fd.jpg
2026-06-12,sector,半导体,6,-1.64,-2.38,1.29,中证A500,1.0,2,False,neutral,,回避,不纳入,data/yupen-images/2026-06-15_b5accfa1_sector_576d65fd.jpg
2026-06-12,sector,中证消费,7,0.96,-3.0,1.46,中证A500,1.0,6,False,neutral,,回避,不纳入,data/yupen-images/2026-06-15_b5accfa1_sector_576d65fd.jpg
2026-06-12,sector,中证医疗,8,1.98,-4.07,1.29,中证A500,1.0,11,False,neutral,,回避,不纳入,data/yupen-images/2026-06-15_b5accfa1_sector_576d65fd.jpg
2026-06-12,sector,商业航天,9,0.88,-4.09,1.13,中证A500,1.0,8,False,neutral,,回避,不纳入,data/yupen-images/2026-06-15_b5accfa1_sector_576d65fd.jpg
2026-06-12,sector,房地产,10,1.04,-4.62,1.03,中证A500,1.0,10,False,neutral,,回避,不纳入,data/yupen-images/2026-06-15_b5accfa1_sector_576d65fd.jpg
2026-06-12,sector,机器人,11,-0.53,-6.27,0.9,中证A500,1.0,9,False,neutral,,回避,不纳入,data/yupen-images/2026-06-15_b5accfa1_sector_576d65fd.jpg
2026-06-12,sector,新能源,12,1.54,-6.96,1.39,中证A500,1.0,13,False,neutral,,回避,不纳入,data/yupen-images/2026-06-15_b5accfa1_sector_576d65fd.jpg
2026-06-12,sector,光伏设备,13,-0.54,-7.89,1.15,中证A500,1.0,12,False,neutral,,回避,不纳入,data/yupen-images/2026-06-15_b5accfa1_sector_576d65fd.jpg
2026-06-12,sector,电网设备,14,1.3,-9.38,1.01,中证A500,1.0,14,False,neutral,,回避,不纳入,data/yupen-images/2026-06-15_b5accfa1_sector_576d65fd.jpg
2026-06-15,index,纳指100,4,3.14,2.9,0.71,标普500,1.74,4,False,neutral,,等待,观察,data/yupen-images/2026-06-16_d4ccfc3f_index_c7661f03.jpg
2026-06-15,index,创业板指,5,5.3,1.66,1.03,中证A500,2.82,13,False,neutral,,等待,观察,data/yupen-images/2026-06-16_d4ccfc3f_index_c7661f03.jpg
2026-06-15,index,上证50,7,1.66,1.07,1.25,中证A500,2.82,6,False,neutral,,等待,观察,data/yupen-images/2026-06-16_d4ccfc3f_index_c7661f03.jpg
2026-06-15,index,沪深300,8,2.39,0.87,1.18,中证A500,2.82,8,False,neutral,,等待,观察,data/yupen-images/2026-06-16_d4ccfc3f_index_c7661f03.jpg
2026-06-15,index,中证1000,9,3.88,0.66,1.0,中证A500,2.82,11,False,neutral,,等待,观察,data/yupen-images/2026-06-16_d4ccfc3f_index_c7661f03.jpg
2026-06-15,index,科创50,11,5.12,0.46,1.0,中证A500,2.82,16,False,neutral,,等待,观察,data/yupen-images/2026-06-16_d4ccfc3f_index_c7661f03.jpg
2026-06-15,index,中证500,12,3.71,0.43,1.13,中证A500,2.82,12,False,neutral,,等待,观察,data/yupen-images/2026-06-16_d4ccfc3f_index_c7661f03.jpg
2026-06-15,index,中证2000,13,3.47,-0.83,0.95,中证A500,2.82,17,False,neutral,,回避,不纳入,data/yupen-images/2026-06-16_d4ccfc3f_index_c7661f03.jpg
2026-06-15,index,国企指数,14,0.02,-1.14,0.98,恒生指数,0.5,7,False,neutral,,回避,不纳入,data/yupen-images/2026-06-16_d4ccfc3f_index_c7661f03.jpg
2026-06-15,index,北证50,16,1.71,-1.79,0.82,中证A500,2.82,15,False,neutral,,回避,不纳入,data/yupen-images/2026-06-16_d4ccfc3f_index_c7661f03.jpg
2026-06-15,index,恒生科技,17,1.28,-2.06,0.75,恒生指数,0.5,14,False,neutral,,回避,不纳入,data/yupen-images/2026-06-16_d4ccfc3f_index_c7661f03.jpg
2026-06-15,index,微盘股,20,-0.64,-6.76,1.01,中证A500,2.82,19,False,neutral,,回避,不纳入,data/yupen-images/2026-06-16_d4ccfc3f_index_c7661f03.jpg
2026-06-15,sector,有色金属,1,4.99,4.64,1.75,中证A500,2.82,5,False,neutral,,试探,等待确认,data/yupen-images/2026-06-16_d4ccfc3f_sector_8fa5b778.jpg
2026-06-15,sector,证券公司,2,2.56,3.44,1.92,中证A500,2.82,2,True,neutral,,趋势保持,不新增,data/yupen-images/2026-06-16_d4ccfc3f_sector_8fa5b778.jpg
2026-06-15,sector,细分化工,3,2.88,3.39,1.33,中证A500,2.82,4,False,neutral,,试探,等待确认,data/yupen-images/2026-06-16_d4ccfc3f_sector_8fa5b778.jpg
2026-06-15,sector,半导体,4,5.98,3.3,1.08,中证A500,2.82,6,False,neutral,,等待,观察,data/yupen-images/2026-06-16_d4ccfc3f_sector_8fa5b778.jpg
2026-06-15,sector,中证红利,5,-1.04,-0.48,1.17,中证A500,2.82,3,False,neutral,,回避,不纳入,data/yupen-images/2026-06-16_d4ccfc3f_sector_8fa5b778.jpg
2026-06-15,sector,商业航天,6,2.97,-0.98,0.98,中证A500,2.82,9,False,neutral,,回避,不纳入,data/yupen-images/2026-06-16_d4ccfc3f_sector_8fa5b778.jpg
2026-06-15,sector,机器人,7,3.57,-2.64,0.9,中证A500,2.82,11,False,neutral,,回避,不纳入,data/yupen-images/2026-06-16_d4ccfc3f_sector_8fa5b778.jpg
2026-06-15,sector,中证消费,8,-0.63,-3.23,0.88,中证A500,2.82,7,False,neutral,,回避,不纳入,data/yupen-images/2026-06-16_d4ccfc3f_sector_8fa5b778.jpg
2026-06-15,sector,中证煤炭,9,-4.93,-3.37,1.08,中证A500,2.82,1,False,neutral,,回避,不纳入,data/yupen-images/2026-06-16_d4ccfc3f_sector_8fa5b778.jpg
2026-06-15,sector,房地产,10,0.61,-3.54,0.81,中证A500,2.82,10,False,neutral,,回避,不纳入,data/yupen-images/2026-06-16_d4ccfc3f_sector_8fa5b778.jpg
2026-06-15,sector,中证医疗,11,-0.1,-3.76,1.03,中证A500,2.82,8,False,neutral,,回避,不纳入,data/yupen-images/2026-06-16_d4ccfc3f_sector_8fa5b778.jpg
2026-06-15,sector,光伏设备,12,1.78,-5.62,0.9,中证A500,2.82,13,False,neutral,,回避,不纳入,data/yupen-images/2026-06-16_d4ccfc3f_sector_8fa5b778.jpg
2026-06-15,sector,新能源,13,1.3,-6.32,1.06,中证A500,2.82,12,False,neutral,,回避,不纳入,data/yupen-images/2026-06-16_d4ccfc3f_sector_8fa5b778.jpg
2026-06-15,sector,电网设备,14,2.65,-6.35,1.02,中证A500,2.82,14,False,neutral,,回避,不纳入,data/yupen-images/2026-06-16_d4ccfc3f_sector_8fa5b778.jpg
2026-06-16,index,创业板指,4,1.72,3.14,1.07,中证A500,0.21,5,False,neutral,,等待,观察,data/yupen-images/2026-06-17_a5992848_index_eb0e8a2d.jpg
2026-06-16,index,中证1000,5,1.47,2.23,1.01,中证A500,0.21,9,False,neutral,,等待,观察,data/yupen-images/2026-06-17_a5992848_index_eb0e8a2d.jpg
2026-06-16,index,中证500,6,1.2,1.71,1.02,中证A500,0.21,12,False,neutral,,等待,观察,data/yupen-images/2026-06-17_a5992848_index_eb0e8a2d.jpg
2026-06-16,index,科创50,7,0.58,1.09,0.92,中证A500,0.21,11,False,neutral,,等待,观察,data/yupen-images/2026-06-17_a5992848_index_eb0e8a2d.jpg
2026-06-16,index,中证2000,8,1.66,1.03,0.99,中证A500,0.21,13,False,neutral,,等待,观察,data/yupen-images/2026-06-17_a5992848_index_eb0e8a2d.jpg
2026-06-16,index,纳指100,10,-1.9,0.69,0.69,标普500,-0.59,4,False,neutral,,等待,观察,data/yupen-images/2026-06-17_a5992848_index_eb0e8a2d.jpg
2026-06-16,index,沪深300,11,-0.15,0.68,0.99,中证A500,0.21,8,False,neutral,,等待,观察,data/yupen-images/2026-06-17_a5992848_index_eb0e8a2d.jpg
2026-06-16,index,上证50,13,-0.84,0.28,0.89,中证A500,0.21,7,False,neutral,,等待,观察,data/yupen-images/2026-06-17_a5992848_index_eb0e8a2d.jpg
2026-06-16,index,北证50,14,1.03,-0.47,0.91,中证A500,0.21,16,False,neutral,,回避,不纳入,data/yupen-images/2026-06-17_a5992848_index_eb0e8a2d.jpg
2026-06-16,index,国企指数,16,-1.62,-2.53,0.85,恒生指数,-1.4,14,False,neutral,,回避,不纳入,data/yupen-images/2026-06-17_a5992848_index_eb0e8a2d.jpg
2026-06-16,index,恒生科技,19,-2.24,-4.06,0.73,恒生指数,-1.4,17,False,neutral,,回避,不纳入,data/yupen-images/2026-06-17_a5992848_index_eb0e8a2d.jpg
2026-06-16,index,微盘股,20,0.91,-5.2,1.14,中证A500,0.21,20,False,neutral,,回避,不纳入,data/yupen-images/2026-06-17_a5992848_index_eb0e8a2d.jpg
2026-06-16,sector,半导体,1,2.19,5.41,1.04,中证A500,0.21,4,False,neutral,,试探,等待确认,data/yupen-images/2026-06-17_a5992848_sector_eee91e75.jpg
2026-06-16,sector,证券公司,2,1.08,4.4,1.1,中证A500,0.21,2,True,neutral,,试探,等待文章确认,data/yupen-images/2026-06-17_a5992848_sector_eee91e75.jpg
2026-06-16,sector,有色金属,3,-0.77,3.69,1.21,中证A500,0.21,1,True,neutral,,趋势保持,不新增,data/yupen-images/2026-06-17_a5992848_sector_eee91e75.jpg
2026-06-16,sector,细分化工,4,-0.73,2.72,1.11,中证A500,0.21,3,False,neutral,,等待,观察,data/yupen-images/2026-06-17_a5992848_sector_eee91e75.jpg
2026-06-16,sector,商业航天,5,1.55,0.86,1.04,中证A500,0.21,6,False,neutral,,等待,观察,data/yupen-images/2026-06-17_a5992848_sector_eee91e75.jpg
2026-06-16,sector,机器人,6,1.9,-0.56,1.06,中证A500,0.21,7,False,neutral,,回避,不纳入,data/yupen-images/2026-06-17_a5992848_sector_eee91e75.jpg
2026-06-16,sector,新能源,7,3.37,-1.82,1.24,中证A500,0.21,13,False,neutral,,回避,不纳入,data/yupen-images/2026-06-17_a5992848_sector_eee91e75.jpg
2026-06-16,sector,中证红利,8,-1.74,-2.05,0.82,中证A500,0.21,5,False,neutral,,回避,不纳入,data/yupen-images/2026-06-17_a5992848_sector_eee91e75.jpg
2026-06-16,sector,光伏设备,9,1.85,-3.22,0.92,中证A500,0.21,12,False,neutral,,回避,不纳入,data/yupen-images/2026-06-17_a5992848_sector_eee91e75.jpg
2026-06-16,sector,电网设备,10,2.21,-3.61,1.13,中证A500,0.21,14,False,neutral,,回避,不纳入,data/yupen-images/2026-06-17_a5992848_sector_eee91e75.jpg
2026-06-16,sector,中证消费,11,-1.76,-4.47,0.84,中证A500,0.21,8,False,neutral,,回避,不纳入,data/yupen-images/2026-06-17_a5992848_sector_eee91e75.jpg
2026-06-16,sector,房地产,12,-1.63,-4.52,0.8,中证A500,0.21,10,False,neutral,,回避,不纳入,data/yupen-images/2026-06-17_a5992848_sector_eee91e75.jpg
2026-06-16,sector,中证医疗,13,-1.44,-4.63,0.91,中证A500,0.21,11,False,neutral,,回避,不纳入,data/yupen-images/2026-06-17_a5992848_sector_eee91e75.jpg
2026-06-16,sector,中证煤炭,14,-2.23,-5.43,0.97,中证A500,0.21,9,False,neutral,,回避,不纳入,data/yupen-images/2026-06-17_a5992848_sector_eee91e75.jpg
2026-06-17,index,科创50,3,4.69,5.75,1.09,中证A500,1.25,7,False,neutral,,试探,等待确认,data/yupen-images/2026-06-18_d214eadb_index_b70976de.jpg
2026-06-17,index,创业板指,4,1.56,4.46,1.03,中证A500,1.25,4,False,neutral,,等待,观察,data/yupen-images/2026-06-18_d214eadb_index_b70976de.jpg
2026-06-17,index,中证500,6,1.4,3.16,0.97,中证A500,1.25,6,False,neutral,,等待,观察,data/yupen-images/2026-06-18_d214eadb_index_b70976de.jpg
2026-06-17,index,中证1000,7,0.67,2.99,0.95,中证A500,1.25,5,False,neutral,,等待,观察,data/yupen-images/2026-06-18_d214eadb_index_b70976de.jpg
2026-06-17,index,沪深300,9,0.97,1.57,0.95,中证A500,1.25,11,False,neutral,,等待,观察,data/yupen-images/2026-06-18_d214eadb_index_b70976de.jpg
2026-06-17,index,中证2000,10,0.28,1.55,1.01,中证A500,1.25,8,False,neutral,,等待,观察,data/yupen-images/2026-06-18_d214eadb_index_b70976de.jpg
2026-06-17,index,上证50,11,0.7,1.03,0.82,中证A500,1.25,13,False,neutral,,等待,观察,data/yupen-images/2026-06-18_d214eadb_index_b70976de.jpg
2026-06-17,index,北证50,12,0.27,0.16,0.97,中证A500,1.25,14,False,neutral,,等待,观察,data/yupen-images/2026-06-18_d214eadb_index_b70976de.jpg
2026-06-17,index,纳指100,13,-1.01,-0.41,0.92,标普500,-1.24,10,False,neutral,,回避,不纳入,data/yupen-images/2026-06-18_d214eadb_index_b70976de.jpg
2026-06-17,index,国企指数,17,-1.17,-3.39,0.89,恒生指数,-0.74,16,False,neutral,,回避,不纳入,data/yupen-images/2026-06-18_d214eadb_index_b70976de.jpg
2026-06-17,index,恒生科技,18,0.22,-3.65,0.92,恒生指数,-0.74,19,False,neutral,,回避,不纳入,data/yupen-images/2026-06-18_d214eadb_index_b70976de.jpg
2026-06-17,index,微盘股,20,-2.51,-6.78,1.05,中证A500,1.25,20,False,neutral,,回避,不纳入,data/yupen-images/2026-06-18_d214eadb_index_b70976de.jpg
2026-06-17,sector,半导体,1,3.97,9.41,1.19,中证A500,1.25,1,True,neutral,,试探,不追高,data/yupen-images/2026-06-18_d214eadb_sector_dfa54e4c.jpg
2026-06-17,sector,证券公司,2,-0.13,4.12,0.76,中证A500,1.25,2,True,neutral,,趋势保持,不新增,data/yupen-images/2026-06-18_d214eadb_sector_dfa54e4c.jpg
2026-06-17,sector,有色金属,3,-0.25,3.3,0.86,中证A500,1.25,3,True,neutral,,趋势保持,不新增,data/yupen-images/2026-06-18_d214eadb_sector_dfa54e4c.jpg
2026-06-17,sector,细分化工,4,0.01,2.85,0.91,中证A500,1.25,4,False,neutral,,等待,观察,data/yupen-images/2026-06-18_d214eadb_sector_dfa54e4c.jpg
2026-06-17,sector,商业航天,5,0.81,1.85,1.06,中证A500,1.25,5,False,neutral,,等待,观察,data/yupen-images/2026-06-18_d214eadb_sector_dfa54e4c.jpg
2026-06-17,sector,机器人,6,0.14,-0.23,0.95,中证A500,1.25,6,False,neutral,,回避,不纳入,data/yupen-images/2026-06-18_d214eadb_sector_dfa54e4c.jpg
2026-06-17,sector,新能源,7,-0.01,-1.43,0.98,中证A500,1.25,7,False,neutral,,回避,不纳入,data/yupen-images/2026-06-18_d214eadb_sector_dfa54e4c.jpg
2026-06-17,sector,光伏设备,8,-0.18,-2.7,0.97,中证A500,1.25,9,False,neutral,,回避,不纳入,data/yupen-images/2026-06-18_d214eadb_sector_dfa54e4c.jpg
2026-06-17,sector,中证红利,9,-1.08,-2.93,0.79,中证A500,1.25,8,False,neutral,,回避,不纳入,data/yupen-images/2026-06-18_d214eadb_sector_dfa54e4c.jpg
2026-06-17,sector,电网设备,10,-1.33,-4.23,1.03,中证A500,1.25,10,False,neutral,,回避,不纳入,data/yupen-images/2026-06-18_d214eadb_sector_dfa54e4c.jpg
2026-06-17,sector,中证医疗,11,-0.12,-4.28,0.93,中证A500,1.25,13,False,neutral,,回避,不纳入,data/yupen-images/2026-06-18_d214eadb_sector_dfa54e4c.jpg
2026-06-17,sector,房地产,12,-0.39,-4.31,0.95,中证A500,1.25,12,False,neutral,,回避,不纳入,data/yupen-images/2026-06-18_d214eadb_sector_dfa54e4c.jpg
2026-06-17,sector,中证消费,13,-1.01,-4.95,0.74,中证A500,1.25,11,False,neutral,,回避,不纳入,data/yupen-images/2026-06-18_d214eadb_sector_dfa54e4c.jpg
2026-06-17,sector,中证煤炭,14,-2.72,-7.85,0.8,中证A500,1.25,14,False,neutral,,回避,不纳入,data/yupen-images/2026-06-18_d214eadb_sector_dfa54e4c.jpg
2026-06-22,index,科创50,1,1.96,11.0,1.09,中证A500,2.47,3,True,neutral,,趋势保持,不新增,data/yupen-images/2026-06-23_0af18d16_index_adcf733f.jpg
2026-06-22,index,创业板指,3,2.52,8.14,1.22,中证A500,2.47,4,False,neutral,,试探,不追高,data/yupen-images/2026-06-23_0af18d16_index_adcf733f.jpg
2026-06-22,index,中证500,6,2.26,5.7,1.15,中证A500,2.47,6,False,neutral,,等待,观察,data/yupen-images/2026-06-23_0af18d16_index_adcf733f.jpg
2026-06-22,index,中证1000,8,1.08,4.63,1.12,中证A500,2.47,7,False,neutral,,等待,观察,data/yupen-images/2026-06-23_0af18d16_index_adcf733f.jpg
2026-06-22,index,沪深300,9,2.39,3.82,1.2,中证A500,2.47,9,False,neutral,,等待,观察,data/yupen-images/2026-06-23_0af18d16_index_adcf733f.jpg
2026-06-22,index,上证50,10,2.86,3.54,1.2,中证A500,2.47,11,False,neutral,,等待,观察,data/yupen-images/2026-06-23_0af18d16_index_adcf733f.jpg
2026-06-22,index,中证2000,11,0.77,2.87,1.11,中证A500,2.47,10,False,neutral,,等待,观察,data/yupen-images/2026-06-23_0af18d16_index_adcf733f.jpg
2026-06-22,index,纳指100,12,-0.25,1.38,0.89,标普500,-0.33,13,False,neutral,,等待,观察,data/yupen-images/2026-06-23_0af18d16_index_adcf733f.jpg
2026-06-22,index,北证50,14,0.5,-0.16,1.24,中证A500,2.47,12,False,neutral,,回避,不纳入,data/yupen-images/2026-06-23_0af18d16_index_adcf733f.jpg
2026-06-22,index,国企指数,17,-0.77,-5.45,1.11,恒生指数,-0.65,17,False,neutral,,回避,不纳入,data/yupen-images/2026-06-23_0af18d16_index_adcf733f.jpg
2026-06-22,index,微盘股,18,0.79,-5.61,1.17,中证A500,2.47,20,False,neutral,,回避,不纳入,data/yupen-images/2026-06-23_0af18d16_index_adcf733f.jpg
2026-06-22,index,恒生科技,19,-1.19,-5.66,1.16,恒生指数,-0.65,18,False,neutral,,回避,不纳入,data/yupen-images/2026-06-23_0af18d16_index_adcf733f.jpg
2026-06-22,sector,半导体,1,0.25,11.86,1.08,中证A500,2.47,1,True,neutral,,趋势保持,不新增,data/yupen-images/2026-06-24_06c28e62_sector_bf5d7dce.jpg
2026-06-22,sector,证券公司,2,0.38,8.04,1.71,中证A500,2.47,2,True,neutral,,趋势保持,不新增,data/yupen-images/2026-06-24_06c28e62_sector_bf5d7dce.jpg
2026-06-22,sector,细分化工,3,-3.16,3.47,1.08,中证A500,2.47,4,False,neutral,,等待,观察,data/yupen-images/2026-06-24_06c28e62_sector_bf5d7dce.jpg
2026-06-22,sector,商业航天,4,-1.85,0.58,0.95,中证A500,2.47,5,False,neutral,,等待,观察,data/yupen-images/2026-06-24_06c28e62_sector_bf5d7dce.jpg
2026-06-22,sector,机器人,5,-1.5,-0.33,0.95,中证A500,2.47,6,False,neutral,,回避,不纳入,data/yupen-images/2026-06-24_06c28e62_sector_bf5d7dce.jpg
2026-06-22,sector,有色金属,6,-8.36,-0.61,1.13,中证A500,2.47,3,False,neutral,,回避,不纳入,data/yupen-images/2026-06-24_06c28e62_sector_bf5d7dce.jpg
2026-06-22,sector,中证医疗,7,-0.18,-1.56,1.13,中证A500,2.47,11,False,neutral,,回避,不纳入,data/yupen-images/2026-06-24_06c28e62_sector_bf5d7dce.jpg
2026-06-22,sector,新能源,8,-4.55,-1.88,0.95,中证A500,2.47,7,False,neutral,,回避,不纳入,data/yupen-images/2026-06-24_06c28e62_sector_bf5d7dce.jpg
2026-06-22,sector,电网设备,9,-1.27,-3.21,0.99,中证A500,2.47,10,False,neutral,,回避,不纳入,data/yupen-images/2026-06-24_06c28e62_sector_bf5d7dce.jpg
2026-06-22,sector,中证红利,10,-0.57,-4.02,1.1,中证A500,2.47,9,False,neutral,,回避,不纳入,data/yupen-images/2026-06-24_06c28e62_sector_bf5d7dce.jpg
2026-06-22,sector,光伏设备,11,-3.06,-4.1,0.91,中证A500,2.47,8,False,neutral,,回避,不纳入,data/yupen-images/2026-06-24_06c28e62_sector_bf5d7dce.jpg
2026-06-22,sector,房地产,12,-0.69,-4.62,1.01,中证A500,2.47,12,False,neutral,,回避,不纳入,data/yupen-images/2026-06-24_06c28e62_sector_bf5d7dce.jpg
2026-06-22,sector,中证消费,13,-1.57,-6.36,1.06,中证A500,2.47,13,False,neutral,,回避,不纳入,data/yupen-images/2026-06-24_06c28e62_sector_bf5d7dce.jpg
2026-06-22,sector,中证煤炭,14,-1.39,-9.9,0.8,中证A500,2.47,14,False,neutral,,回避,不纳入,data/yupen-images/2026-06-24_06c28e62_sector_bf5d7dce.jpg
2026-06-23,index,科创50,1,-1.68,9.11,1.05,中证A500,-3.0,1,True,neutral,,试探,不追高,data/yupen-images/2026-06-24_06c28e62_index_9c7f80e0.jpg
2026-06-23,index,创业板指,3,-3.84,3.76,1.05,中证A500,-3.0,3,True,neutral,,趋势保持,不新增,data/yupen-images/2026-06-24_06c28e62_index_9c7f80e0.jpg
2026-06-23,index,中证500,4,-2.03,3.56,1.11,中证A500,-3.0,6,False,neutral,,等待,观察,data/yupen-images/2026-06-24_06c28e62_index_9c7f80e0.jpg
2026-06-23,index,中证2000,6,-0.49,2.53,1.05,中证A500,-3.0,11,False,neutral,,等待,观察,data/yupen-images/2026-06-24_06c28e62_index_9c7f80e0.jpg
2026-06-23,index,中证1000,7,-2.09,2.52,1.01,中证A500,-3.0,8,False,neutral,,等待,观察,data/yupen-images/2026-06-24_06c28e62_index_9c7f80e0.jpg
2026-06-23,index,沪深300,9,-2.77,0.94,1.07,中证A500,-3.0,9,False,neutral,,等待,观察,data/yupen-images/2026-06-24_06c28e62_index_9c7f80e0.jpg
2026-06-23,index,北证50,10,0.77,0.79,1.21,中证A500,-3.0,14,False,neutral,,等待,观察,data/yupen-images/2026-06-24_06c28e62_index_9c7f80e0.jpg
2026-06-23,index,上证50,11,-2.85,0.65,1.15,中证A500,-3.0,10,False,neutral,,等待,观察,data/yupen-images/2026-06-24_06c28e62_index_9c7f80e0.jpg
2026-06-23,index,纳指100,13,-3.29,-1.93,1.12,标普500,-1.43,12,False,neutral,,回避,不纳入,data/yupen-images/2026-06-24_06c28e62_index_9c7f80e0.jpg
2026-06-23,index,微盘股,15,2.44,-2.75,1.21,中证A500,-3.0,18,False,neutral,,回避,不纳入,data/yupen-images/2026-06-24_06c28e62_index_9c7f80e0.jpg
2026-06-23,index,国企指数,18,-1.96,-6.87,0.96,恒生指数,-1.82,17,False,neutral,,回避,不纳入,data/yupen-images/2026-06-24_06c28e62_index_9c7f80e0.jpg
2026-06-23,index,恒生科技,19,-3.3,-8.32,1.06,恒生指数,-1.82,19,False,neutral,,回避,不纳入,data/yupen-images/2026-06-24_06c28e62_index_9c7f80e0.jpg
2026-06-24,index,科创50,1,3.82,12.88,1.05,中证A500,1.04,1,True,neutral,,试探,不追高,data/yupen-images/2026-06-25_954a94b5_index_abe14a3b.jpg
2026-06-24,index,中证500,2,1.78,5.27,0.98,中证A500,1.04,4,False,neutral,,试探,等待确认,data/yupen-images/2026-06-25_954a94b5_index_abe14a3b.jpg
2026-06-24,index,创业板指,3,1.41,4.96,0.98,中证A500,1.04,3,True,neutral,,试探,等待确认,data/yupen-images/2026-06-25_954a94b5_index_abe14a3b.jpg
2026-06-24,index,中证1000,4,1.31,3.79,0.95,中证A500,1.04,7,False,neutral,,等待,观察,data/yupen-images/2026-06-25_954a94b5_index_abe14a3b.jpg
2026-06-24,index,中证2000,6,-0.05,2.53,1.01,中证A500,1.04,6,False,neutral,,等待,观察,data/yupen-images/2026-06-25_954a94b5_index_abe14a3b.jpg
2026-06-24,index,北证50,9,1.15,1.81,0.96,中证A500,1.04,10,False,neutral,,等待,观察,data/yupen-images/2026-06-25_954a94b5_index_abe14a3b.jpg
2026-06-24,index,沪深300,10,0.48,1.44,0.97,中证A500,1.04,9,False,neutral,,等待,观察,data/yupen-images/2026-06-25_954a94b5_index_abe14a3b.jpg
2026-06-24,index,上证50,11,0.58,1.31,0.94,中证A500,1.04,11,False,neutral,,等待,观察,data/yupen-images/2026-06-25_954a94b5_index_abe14a3b.jpg
2026-06-24,index,纳指100,14,-0.43,-2.2,1.07,标普500,-0.04,13,False,neutral,,回避,不纳入,data/yupen-images/2026-06-25_954a94b5_index_abe14a3b.jpg
2026-06-24,index,微盘股,16,-4.01,-6.07,1.05,中证A500,1.04,15,False,neutral,,回避,不纳入,data/yupen-images/2026-06-25_954a94b5_index_abe14a3b.jpg
2026-06-24,index,恒生科技,17,1.81,-6.2,1.11,恒生指数,0.33,19,False,neutral,,回避,不纳入,data/yupen-images/2026-06-25_954a94b5_index_abe14a3b.jpg
2026-06-24,index,国企指数,18,0.07,-6.34,0.94,恒生指数,0.33,18,False,neutral,,回避,不纳入,data/yupen-images/2026-06-25_954a94b5_index_abe14a3b.jpg
2026-06-24,sector,半导体,1,3.8,15.33,1.14,中证A500,1.04,1,True,neutral,,试探,不追高,data/yupen-images/2026-06-25_954a94b5_sector_f0679572.jpg
2026-06-24,sector,细分化工,2,3.27,6.65,1.1,中证A500,1.04,3,True,neutral,,试探,等待文章确认,data/yupen-images/2026-06-25_954a94b5_sector_f0679572.jpg
2026-06-24,sector,证券公司,3,-1.9,5.71,1.17,中证A500,1.04,2,True,neutral,,趋势保持,不新增,data/yupen-images/2026-06-25_954a94b5_sector_f0679572.jpg
2026-06-24,sector,机器人,4,0.91,0.84,0.96,中证A500,1.04,5,False,neutral,,等待,观察,data/yupen-images/2026-06-25_954a94b5_sector_f0679572.jpg
2026-06-24,sector,商业航天,5,0.01,0.75,0.92,中证A500,1.04,4,False,neutral,,等待,观察,data/yupen-images/2026-06-25_954a94b5_sector_f0679572.jpg
2026-06-24,sector,有色金属,6,0.26,-0.04,0.89,中证A500,1.04,6,False,neutral,,回避,不纳入,data/yupen-images/2026-06-25_954a94b5_sector_f0679572.jpg
2026-06-24,sector,中证医疗,7,0.92,-0.29,1.17,中证A500,1.04,7,False,neutral,,回避,不纳入,data/yupen-images/2026-06-25_954a94b5_sector_f0679572.jpg
2026-06-24,sector,新能源,8,0.85,-0.69,0.82,中证A500,1.04,8,False,neutral,,回避,不纳入,data/yupen-images/2026-06-25_954a94b5_sector_f0679572.jpg
2026-06-24,sector,电网设备,9,-1.58,-4.23,0.88,中证A500,1.04,9,False,neutral,,回避,不纳入,data/yupen-images/2026-06-25_954a94b5_sector_f0679572.jpg
2026-06-24,sector,光伏设备,10,-1.09,-4.53,0.84,中证A500,1.04,11,False,neutral,,回避,不纳入,data/yupen-images/2026-06-25_954a94b5_sector_f0679572.jpg
2026-06-24,sector,中证红利,11,-1.49,-5.19,1.04,中证A500,1.04,10,False,neutral,,回避,不纳入,data/yupen-images/2026-06-25_954a94b5_sector_f0679572.jpg
2026-06-24,sector,房地产,12,-1.69,-5.66,1.1,中证A500,1.04,12,False,neutral,,回避,不纳入,data/yupen-images/2026-06-25_954a94b5_sector_f0679572.jpg
2026-06-24,sector,中证消费,13,-1.54,-7.26,1.02,中证A500,1.04,13,False,neutral,,回避,不纳入,data/yupen-images/2026-06-25_954a94b5_sector_f0679572.jpg
2026-06-24,sector,中证煤炭,14,-2.86,-12.21,0.93,中证A500,1.04,14,False,neutral,,回避,不纳入,data/yupen-images/2026-06-25_954a94b5_sector_f0679572.jpg
2026-06-25,index,科创50,1,3.87,16.39,1.01,中证A500,1.54,1,True,neutral,,试探,不追高,data/yupen-images/2026-06-26_861ab715_index_690e5363.jpg
2026-06-25,index,创业板指,2,2.84,7.47,1.03,中证A500,1.54,3,True,neutral,,试探,等待文章确认,data/yupen-images/2026-06-26_861ab715_index_690e5363.jpg
2026-06-25,index,中证500,4,1.08,6.16,1.03,中证A500,1.54,2,False,neutral,,等待,观察,data/yupen-images/2026-06-26_861ab715_index_690e5363.jpg
2026-06-25,index,中证1000,7,0.37,3.99,1.02,中证A500,1.54,4,False,neutral,,等待,观察,data/yupen-images/2026-06-26_861ab715_index_690e5363.jpg
2026-06-25,index,沪深300,8,1.56,2.89,1.06,中证A500,1.54,10,False,neutral,,等待,观察,data/yupen-images/2026-06-26_861ab715_index_690e5363.jpg
2026-06-25,index,上证50,9,1.14,2.41,1.01,中证A500,1.54,11,False,neutral,,等待,观察,data/yupen-images/2026-06-26_861ab715_index_690e5363.jpg
2026-06-25,index,中证2000,11,-0.88,1.61,1.01,中证A500,1.54,6,False,neutral,,等待,观察,data/yupen-images/2026-06-26_861ab715_index_690e5363.jpg
2026-06-25,index,北证50,12,-1.41,0.31,1.01,中证A500,1.54,9,False,neutral,,等待,观察,data/yupen-images/2026-06-26_861ab715_index_690e5363.jpg
2026-06-25,index,纳指100,13,0.81,-1.24,1.0,标普500,0.04,14,False,neutral,,回避,不纳入,data/yupen-images/2026-06-26_861ab715_index_690e5363.jpg
2026-06-25,index,恒生科技,17,-1.63,-7.26,0.96,恒生指数,-1.43,17,False,neutral,,回避,不纳入,data/yupen-images/2026-06-26_861ab715_index_690e5363.jpg
2026-06-25,index,国企指数,18,-2.02,-7.75,1.12,恒生指数,-1.43,18,False,neutral,,回避,不纳入,data/yupen-images/2026-06-26_861ab715_index_690e5363.jpg
2026-06-25,index,微盘股,19,-3.01,-8.25,1.01,中证A500,1.54,16,False,neutral,,回避,不纳入,data/yupen-images/2026-06-26_861ab715_index_690e5363.jpg
2026-06-25,sector,半导体,1,2.21,16.85,1.1,中证A500,1.54,1,True,neutral,,试探,不追高,data/yupen-images/2026-06-26_861ab715_sector_a280cb15.jpg
2026-06-25,sector,证券公司,2,3.43,8.93,1.35,中证A500,1.54,3,True,neutral,,试探,不追高,data/yupen-images/2026-06-26_861ab715_sector_a280cb15.jpg
2026-06-25,sector,细分化工,3,-0.43,5.91,1.05,中证A500,1.54,2,True,neutral,,趋势保持,不新增,data/yupen-images/2026-06-26_861ab715_sector_a280cb15.jpg
2026-06-25,sector,CS创新药,4,0.93,5.41,1.16,中证A500,1.54,,False,neutral,,等待,观察,data/yupen-images/2026-06-26_861ab715_sector_a280cb15.jpg
2026-06-25,sector,机器人,5,-0.46,0.52,1.11,中证A500,1.54,4,False,neutral,,等待,观察,data/yupen-images/2026-06-26_861ab715_sector_a280cb15.jpg
2026-06-25,sector,新能源,6,0.22,-0.07,0.94,中证A500,1.54,8,False,neutral,,回避,不纳入,data/yupen-images/2026-06-26_861ab715_sector_a280cb15.jpg
2026-06-25,sector,商业航天,7,-0.94,-0.08,0.99,中证A500,1.54,5,False,neutral,,回避,不纳入,data/yupen-images/2026-06-26_861ab715_sector_a280cb15.jpg
2026-06-25,sector,有色金属,8,-2.9,-2.71,0.94,中证A500,1.54,6,False,neutral,,回避,不纳入,data/yupen-images/2026-06-26_861ab715_sector_a280cb15.jpg
2026-06-25,sector,光伏设备,9,-0.95,-4.82,1.0,中证A500,1.54,10,False,neutral,,回避,不纳入,data/yupen-images/2026-06-26_861ab715_sector_a280cb15.jpg
2026-06-25,sector,电网设备,10,-2.14,-5.69,0.93,中证A500,1.54,9,False,neutral,,回避,不纳入,data/yupen-images/2026-06-26_861ab715_sector_a280cb15.jpg
2026-06-25,sector,中证红利,11,-1.22,-6.07,0.97,中证A500,1.54,11,False,neutral,,回避,不纳入,data/yupen-images/2026-06-26_861ab715_sector_a280cb15.jpg
2026-06-25,sector,房地产,12,-0.95,-6.08,1.07,中证A500,1.54,12,False,neutral,,回避,不纳入,data/yupen-images/2026-06-26_861ab715_sector_a280cb15.jpg
2026-06-25,sector,中证消费,13,0.24,-6.46,1.24,中证A500,1.54,13,False,neutral,,回避,不纳入,data/yupen-images/2026-06-26_861ab715_sector_a280cb15.jpg
2026-06-25,sector,中证煤炭,14,-1.7,-13.32,0.9,中证A500,1.54,14,False,neutral,,回避,不纳入,data/yupen-images/2026-06-26_861ab715_sector_a280cb15.jpg
2026-06-26,index,科创50,1,-1.65,13.9,1.07,中证A500,-3.09,1,True,neutral,,试探,不追高,data/yupen-images/2026-06-29_6b4ebd67_index_ea1a54a7.jpg
2026-06-26,index,中证500,2,-2.62,3.29,1.0,中证A500,-3.09,4,False,neutral,,试探,等待确认,data/yupen-images/2026-06-29_6b4ebd67_index_ea1a54a7.jpg
2026-06-26,index,创业板指,3,-4.07,3.05,0.98,中证A500,-3.09,2,True,neutral,,趋势保持,不新增,data/yupen-images/2026-06-29_6b4ebd67_index_ea1a54a7.jpg
2026-06-26,index,中证1000,5,-2.54,1.37,1.06,中证A500,-3.09,7,False,neutral,,等待,观察,data/yupen-images/2026-06-29_6b4ebd67_index_ea1a54a7.jpg
2026-06-26,index,上证50,7,-2.37,-0.03,0.87,中证A500,-3.09,9,False,neutral,,回避,不纳入,data/yupen-images/2026-06-29_6b4ebd67_index_ea1a54a7.jpg
2026-06-26,index,沪深300,8,-3.03,-0.16,1.0,中证A500,-3.09,8,False,neutral,,回避,不纳入,data/yupen-images/2026-06-29_6b4ebd67_index_ea1a54a7.jpg
2026-06-26,index,北证50,9,-0.84,-0.47,0.97,中证A500,-3.09,12,False,neutral,,回避,不纳入,data/yupen-images/2026-06-29_6b4ebd67_index_ea1a54a7.jpg
2026-06-26,index,中证2000,11,-2.58,-0.83,0.97,中证A500,-3.09,11,False,neutral,,回避,不纳入,data/yupen-images/2026-06-29_6b4ebd67_index_ea1a54a7.jpg
2026-06-26,index,纳指100,14,-1.38,-2.49,0.94,标普500,-0.72,13,False,neutral,,回避,不纳入,data/yupen-images/2026-06-29_6b4ebd67_index_ea1a54a7.jpg
2026-06-26,index,微盘股,17,-1.59,-9.02,0.95,中证A500,-3.09,19,False,neutral,,回避,不纳入,data/yupen-images/2026-06-29_6b4ebd67_index_ea1a54a7.jpg
2026-06-26,index,国企指数,18,-1.94,-9.05,1.03,恒生指数,-1.76,18,False,neutral,,回避,不纳入,data/yupen-images/2026-06-29_6b4ebd67_index_ea1a54a7.jpg
2026-06-26,index,恒生科技,19,-3.41,-9.81,1.04,恒生指数,-1.76,17,False,neutral,,回避,不纳入,data/yupen-images/2026-06-29_6b4ebd67_index_ea1a54a7.jpg
2026-06-26,sector,半导体,1,-0.88,15.02,1.09,中证A500,-3.09,1,True,neutral,,试探,不追高,data/yupen-images/2026-06-29_6b4ebd67_sector_7a06d645.jpg
2026-06-26,sector,证券公司,2,-3.88,4.18,0.92,中证A500,-3.09,2,True,neutral,,趋势保持,不新增,data/yupen-images/2026-06-29_6b4ebd67_sector_7a06d645.jpg
2026-06-26,sector,细分化工,3,-3.34,2.21,0.94,中证A500,-3.09,3,True,neutral,,趋势保持,不新增,data/yupen-images/2026-06-29_6b4ebd67_sector_7a06d645.jpg
2026-06-26,sector,CS创新药,4,-3.07,2.16,0.89,中证A500,-3.09,4,False,neutral,,等待,观察,data/yupen-images/2026-06-29_6b4ebd67_sector_7a06d645.jpg
2026-06-26,sector,商业航天,5,-1.84,-1.66,1.08,中证A500,-3.09,7,False,neutral,,回避,不纳入,data/yupen-images/2026-06-29_6b4ebd67_sector_7a06d645.jpg
2026-06-26,sector,新能源,6,-3.34,-2.85,1.07,中证A500,-3.09,6,False,neutral,,回避,不纳入,data/yupen-images/2026-06-29_6b4ebd67_sector_7a06d645.jpg
2026-06-26,sector,机器人,7,-3.89,-3.15,0.92,中证A500,-3.09,5,False,neutral,,回避,不纳入,data/yupen-images/2026-06-29_6b4ebd67_sector_7a06d645.jpg
2026-06-26,sector,光伏设备,8,-0.86,-4.96,1.37,中证A500,-3.09,9,False,neutral,,回避,不纳入,data/yupen-images/2026-06-29_6b4ebd67_sector_7a06d645.jpg
2026-06-26,sector,房地产,9,-1.05,-6.51,1.13,中证A500,-3.09,12,False,neutral,,回避,不纳入,data/yupen-images/2026-06-29_6b4ebd67_sector_7a06d645.jpg
2026-06-26,sector,有色金属,10,-4.44,-6.66,0.81,中证A500,-3.09,8,False,neutral,,回避,不纳入,data/yupen-images/2026-06-29_6b4ebd67_sector_7a06d645.jpg
2026-06-26,sector,中证消费,11,-1.22,-7.07,1.1,中证A500,-3.09,13,False,neutral,,回避,不纳入,data/yupen-images/2026-06-29_6b4ebd67_sector_7a06d645.jpg
2026-06-26,sector,中证红利,12,-2.17,-7.75,0.9,中证A500,-3.09,11,False,neutral,,回避,不纳入,data/yupen-images/2026-06-29_6b4ebd67_sector_7a06d645.jpg
2026-06-26,sector,电网设备,13,-3.43,-8.12,0.99,中证A500,-3.09,10,False,neutral,,回避,不纳入,data/yupen-images/2026-06-29_6b4ebd67_sector_7a06d645.jpg
2026-06-26,sector,中证煤炭,14,-3.02,-15.34,0.91,中证A500,-3.09,14,False,neutral,,回避,不纳入,data/yupen-images/2026-06-29_6b4ebd67_sector_7a06d645.jpg
2026-06-29,index,科创50,1,4.61,17.91,1.1,中证A500,1.22,1,True,neutral,,试探,不追高,data/yupen-images/2026-06-30_fd674094_index_a1c9da69.jpg
2026-06-29,index,中证500,2,1.35,4.4,0.96,中证A500,1.22,2,True,neutral,,试探,等待确认,data/yupen-images/2026-06-30_fd674094_index_a1c9da69.jpg
2026-06-29,index,创业板指,3,0.54,3.36,0.98,中证A500,1.22,3,True,neutral,,趋势保持,不新增,data/yupen-images/2026-06-30_fd674094_index_a1c9da69.jpg
2026-06-29,index,上证50,4,2.89,2.75,0.9,中证A500,1.22,7,False,neutral,,等待,观察,data/yupen-images/2026-06-30_fd674094_index_a1c9da69.jpg
2026-06-29,index,中证1000,7,-0.04,1.21,1.0,中证A500,1.22,5,False,neutral,,等待,观察,data/yupen-images/2026-06-30_fd674094_index_a1c9da69.jpg
2026-06-29,index,沪深300,8,1.21,0.98,0.94,中证A500,1.22,8,False,neutral,,等待,观察,data/yupen-images/2026-06-30_fd674094_index_a1c9da69.jpg
2026-06-29,index,纳指100,9,2.49,0.14,0.9,标普500,1.64,14,False,neutral,,等待,观察,data/yupen-images/2026-06-30_fd674094_index_a1c9da69.jpg
2026-06-29,index,中证2000,13,-0.93,-1.64,0.99,中证A500,1.22,11,False,neutral,,回避,不纳入,data/yupen-images/2026-06-30_fd674094_index_a1c9da69.jpg
2026-06-29,index,北证50,14,-3.27,-3.62,0.91,中证A500,1.22,9,False,neutral,,回避,不纳入,data/yupen-images/2026-06-30_fd674094_index_a1c9da69.jpg
2026-06-29,index,恒生科技,17,3.23,-6.39,1.21,恒生指数,1.57,19,False,neutral,,回避,不纳入,data/yupen-images/2026-06-30_fd674094_index_a1c9da69.jpg
2026-06-29,index,国企指数,18,1.94,-6.81,0.98,恒生指数,1.57,18,False,neutral,,回避,不纳入,data/yupen-images/2026-06-30_fd674094_index_a1c9da69.jpg
2026-06-29,index,微盘股,19,0.0,-8.38,0.93,中证A500,1.22,17,False,neutral,,回避,不纳入,data/yupen-images/2026-06-30_fd674094_index_a1c9da69.jpg
2026-06-29,sector,半导体,1,2.74,16.81,1.14,中证A500,1.22,1,True,neutral,,试探,不追高,data/yupen-images/2026-06-30_fd674094_sector_8c083fdf.jpg
2026-06-29,sector,CS创新药,2,8.14,10.05,1.52,中证A500,1.22,4,False,neutral,,试探,不追高,data/yupen-images/2026-06-30_fd674094_sector_8c083fdf.jpg
2026-06-29,sector,证券公司,3,1.37,5.23,0.67,中证A500,1.22,2,True,neutral,,试探,等待确认,data/yupen-images/2026-06-30_fd674094_sector_8c083fdf.jpg
2026-06-29,sector,细分化工,4,0.27,2.21,0.8,中证A500,1.22,3,False,neutral,,等待,观察,data/yupen-images/2026-06-30_fd674094_sector_8c083fdf.jpg
2026-06-29,sector,新能源,5,1.42,-1.07,0.98,中证A500,1.22,6,False,neutral,,回避,不纳入,data/yupen-images/2026-06-30_fd674094_sector_8c083fdf.jpg
2026-06-29,sector,商业航天,6,-1.26,-2.79,1.01,中证A500,1.22,5,False,neutral,,回避,不纳入,data/yupen-images/2026-06-30_fd674094_sector_8c083fdf.jpg
2026-06-29,sector,机器人,7,-0.61,-3.58,1.0,中证A500,1.22,7,False,neutral,,回避,不纳入,data/yupen-images/2026-06-30_fd674094_sector_8c083fdf.jpg
2026-06-29,sector,中证消费,8,2.87,-3.86,1.33,中证A500,1.22,11,False,neutral,,回避,不纳入,data/yupen-images/2026-06-30_fd674094_sector_8c083fdf.jpg
2026-06-29,sector,光伏设备,9,-0.04,-4.55,1.15,中证A500,1.22,8,False,neutral,,回避,不纳入,data/yupen-images/2026-06-30_fd674094_sector_8c083fdf.jpg
2026-06-29,sector,有色金属,10,1.38,-5.11,0.77,中证A500,1.22,10,False,neutral,,回避,不纳入,data/yupen-images/2026-06-30_fd674094_sector_8c083fdf.jpg
2026-06-29,sector,房地产,11,-0.73,-6.55,1.07,中证A500,1.22,9,False,neutral,,回避,不纳入,data/yupen-images/2026-06-30_fd674094_sector_8c083fdf.jpg
2026-06-29,sector,中证红利,12,0.69,-6.72,0.97,中证A500,1.22,12,False,neutral,,回避,不纳入,data/yupen-images/2026-06-30_fd674094_sector_8c083fdf.jpg
2026-06-29,sector,电网设备,13,-0.7,-8.03,0.92,中证A500,1.22,13,False,neutral,,回避,不纳入,data/yupen-images/2026-06-30_fd674094_sector_8c083fdf.jpg
2026-06-29,sector,中证煤炭,14,1.43,-13.48,0.83,中证A500,1.22,14,False,neutral,,回避,不纳入,data/yupen-images/2026-06-30_fd674094_sector_8c083fdf.jpg
2026-06-30,index,科创50,1,3.85,20.6,1.03,中证A500,1.49,1,True,neutral,,试探,不追高,data/yupen-images/2026-07-01_81b3b96b_index_2ed6cd26.jpg
2026-06-30,index,中证500,2,2.38,6.41,0.87,中证A500,1.49,2,True,neutral,,试探,等待确认,data/yupen-images/2026-07-01_81b3b96b_index_2ed6cd26.jpg
2026-06-30,index,创业板指,3,2.99,5.93,0.92,中证A500,1.49,3,True,neutral,,试探,等待确认,data/yupen-images/2026-07-01_81b3b96b_index_2ed6cd26.jpg
2026-06-30,index,中证1000,4,2.46,3.43,0.91,中证A500,1.49,7,False,neutral,,等待,观察,data/yupen-images/2026-07-01_81b3b96b_index_2ed6cd26.jpg
2026-06-30,index,上证50,6,-0.06,2.54,0.88,中证A500,1.49,4,False,neutral,,等待,观察,data/yupen-images/2026-07-01_81b3b96b_index_2ed6cd26.jpg
2026-06-30,index,沪深300,8,1.07,1.92,0.92,中证A500,1.49,8,False,neutral,,等待,观察,data/yupen-images/2026-07-01_81b3b96b_index_2ed6cd26.jpg
2026-06-30,index,纳指100,9,1.7,1.8,0.85,标普500,0.74,9,False,neutral,,等待,观察,data/yupen-images/2026-07-01_81b3b96b_index_2ed6cd26.jpg
2026-06-30,index,中证2000,12,2.33,0.6,0.91,中证A500,1.49,13,False,neutral,,等待,观察,data/yupen-images/2026-07-01_81b3b96b_index_2ed6cd26.jpg
2026-06-30,index,北证50,14,2.1,-1.57,0.82,中证A500,1.49,14,False,neutral,,回避,不纳入,data/yupen-images/2026-07-01_81b3b96b_index_2ed6cd26.jpg
2026-06-30,index,恒生科技,15,1.8,-4.22,1.1,恒生指数,-0.61,17,False,neutral,,回避,不纳入,data/yupen-images/2026-07-01_81b3b96b_index_2ed6cd26.jpg
2026-06-30,index,国企指数,18,-0.62,-6.85,1.39,恒生指数,-0.61,18,False,neutral,,回避,不纳入,data/yupen-images/2026-07-01_81b3b96b_index_2ed6cd26.jpg
2026-06-30,index,微盘股,19,0.08,-7.48,0.96,中证A500,1.49,19,False,neutral,,回避,不纳入,data/yupen-images/2026-07-01_81b3b96b_index_2ed6cd26.jpg
2026-06-30,sector,半导体,1,6.32,22.1,1.01,中证A500,1.49,1,True,neutral,,试探,不追高,data/yupen-images/2026-07-01_81b3b96b_sector_212a5a57.jpg
2026-06-30,sector,CS创新药,2,-1.52,8.05,1.02,中证A500,1.49,2,True,neutral,,趋势保持,不新增,data/yupen-images/2026-07-01_81b3b96b_sector_212a5a57.jpg
2026-06-30,sector,证券公司,3,0.15,4.95,0.61,中证A500,1.49,3,True,neutral,,趋势保持,不新增,data/yupen-images/2026-07-01_81b3b96b_sector_212a5a57.jpg
2026-06-30,sector,细分化工,4,-0.02,2.0,0.93,中证A500,1.49,4,False,neutral,,等待,观察,data/yupen-images/2026-07-01_81b3b96b_sector_212a5a57.jpg
2026-06-30,sector,新能源,5,2.47,1.55,0.89,中证A500,1.49,5,False,neutral,,等待,观察,data/yupen-images/2026-07-01_81b3b96b_sector_212a5a57.jpg
2026-06-30,sector,机器人,6,5.23,1.22,1.07,中证A500,1.49,7,False,neutral,,等待,观察,data/yupen-images/2026-07-01_81b3b96b_sector_212a5a57.jpg
2026-06-30,sector,商业航天,7,3.56,0.62,0.95,中证A500,1.49,6,False,neutral,,等待,观察,data/yupen-images/2026-07-01_81b3b96b_sector_212a5a57.jpg
2026-06-30,sector,光伏设备,8,2.85,-1.49,1.09,中证A500,1.49,9,False,neutral,,回避,不纳入,data/yupen-images/2026-07-01_81b3b96b_sector_212a5a57.jpg
2026-06-30,sector,中证消费,9,-1.03,-4.23,0.89,中证A500,1.49,8,False,neutral,,回避,不纳入,data/yupen-images/2026-07-01_81b3b96b_sector_212a5a57.jpg
2026-06-30,sector,有色金属,10,-0.7,-5.52,0.75,中证A500,1.49,10,False,neutral,,回避,不纳入,data/yupen-images/2026-07-01_81b3b96b_sector_212a5a57.jpg
2026-06-30,sector,房地产,11,0.4,-5.56,0.79,中证A500,1.49,11,False,neutral,,回避,不纳入,data/yupen-images/2026-07-01_81b3b96b_sector_212a5a57.jpg
2026-06-30,sector,电网设备,12,1.36,-6.04,0.84,中证A500,1.49,13,False,neutral,,回避,不纳入,data/yupen-images/2026-07-01_81b3b96b_sector_212a5a57.jpg
2026-06-30,sector,中证红利,13,-1.92,-7.92,0.98,中证A500,1.49,12,False,neutral,,回避,不纳入,data/yupen-images/2026-07-01_81b3b96b_sector_212a5a57.jpg
2026-06-30,sector,中证煤炭,14,-2.91,-14.98,0.93,中证A500,1.49,14,False,neutral,,回避,不纳入,data/yupen-images/2026-07-01_81b3b96b_sector_212a5a57.jpg
2026-07-01,index,科创50,1,-2.48,16.19,1.16,中证A500,-0.59,1,True,neutral,,趋势保持,不新增,data/yupen-images/2026-07-02_5c2bc3d9_index_ff42830f.jpg
2026-07-01,index,中证500,2,-0.03,5.94,1.06,中证A500,-0.59,2,True,neutral,,试探,等待文章确认,data/yupen-images/2026-07-02_5c2bc3d9_index_ff42830f.jpg
2026-07-01,index,中证1000,3,0.76,3.91,1.08,中证A500,-0.59,4,False,neutral,,试探,等待确认,data/yupen-images/2026-07-02_5c2bc3d9_index_ff42830f.jpg
2026-07-01,index,创业板指,4,-1.89,3.67,1.12,中证A500,-0.59,3,False,neutral,,等待,观察,data/yupen-images/2026-07-02_5c2bc3d9_index_ff42830f.jpg
2026-07-01,index,上证50,8,-0.14,2.26,0.98,中证A500,-0.59,6,False,neutral,,等待,观察,data/yupen-images/2026-07-02_5c2bc3d9_index_ff42830f.jpg
2026-07-01,index,中证2000,9,1.45,1.96,1.06,中证A500,-0.59,12,False,neutral,,等待,观察,data/yupen-images/2026-07-02_5c2bc3d9_index_ff42830f.jpg
2026-07-01,index,沪深300,10,-0.41,1.45,1.05,中证A500,-0.59,8,False,neutral,,等待,观察,data/yupen-images/2026-07-02_5c2bc3d9_index_ff42830f.jpg
2026-07-01,index,纳指100,12,-1.52,0.42,0.86,标普500,-0.14,9,False,neutral,,等待,观察,data/yupen-images/2026-07-02_5c2bc3d9_index_ff42830f.jpg
2026-07-01,index,北证50,13,1.1,-0.63,1.1,中证A500,-0.59,14,False,neutral,,回避,不纳入,data/yupen-images/2026-07-02_5c2bc3d9_index_ff42830f.jpg
2026-07-01,index,微盘股,16,3.68,-3.48,1.09,中证A500,-0.59,19,False,neutral,,回避,不纳入,data/yupen-images/2026-07-02_5c2bc3d9_index_ff42830f.jpg
2026-07-01,index,恒生科技,17,1.8,-4.22,1.1,恒生指数,-0.61,15,False,neutral,,回避,不纳入,data/yupen-images/2026-07-02_5c2bc3d9_index_ff42830f.jpg
2026-07-01,index,国企指数,19,-0.62,-6.85,1.39,恒生指数,-0.61,18,False,neutral,,回避,不纳入,data/yupen-images/2026-07-02_5c2bc3d9_index_ff42830f.jpg
2026-07-01,sector,半导体,1,-0.5,19.55,1.05,中证A500,-0.59,1,True,neutral,,试探,不追高,data/yupen-images/2026-07-02_5c2bc3d9_sector_1e3b1a41.jpg
2026-07-01,sector,CS创新药,2,4.48,12.28,1.35,中证A500,-0.59,2,True,neutral,,试探,不追高,data/yupen-images/2026-07-02_5c2bc3d9_sector_1e3b1a41.jpg
2026-07-01,sector,证券公司,3,4.7,9.16,1.27,中证A500,-0.59,3,True,neutral,,试探,不追高,data/yupen-images/2026-07-02_5c2bc3d9_sector_1e3b1a41.jpg
2026-07-01,sector,细分化工,4,2.6,4.34,1.03,中证A500,-0.59,4,False,neutral,,等待,观察,data/yupen-images/2026-07-02_5c2bc3d9_sector_1e3b1a41.jpg
2026-07-01,sector,商业航天,5,0.85,1.37,1.05,中证A500,-0.59,7,False,neutral,,等待,观察,data/yupen-images/2026-07-02_5c2bc3d9_sector_1e3b1a41.jpg
2026-07-01,sector,机器人,6,0.19,1.32,1.04,中证A500,-0.59,6,False,neutral,,等待,观察,data/yupen-images/2026-07-02_5c2bc3d9_sector_1e3b1a41.jpg
2026-07-01,sector,光伏设备,7,0.73,-0.56,1.21,中证A500,-0.59,8,False,neutral,,回避,不纳入,data/yupen-images/2026-07-02_5c2bc3d9_sector_1e3b1a41.jpg
2026-07-01,sector,新能源,8,-2.63,-0.81,1.15,中证A500,-0.59,5,False,neutral,,回避,不纳入,data/yupen-images/2026-07-02_5c2bc3d9_sector_1e3b1a41.jpg
2026-07-01,sector,中证消费,9,2.26,-1.62,1.18,中证A500,-0.59,9,False,neutral,,回避,不纳入,data/yupen-images/2026-07-02_5c2bc3d9_sector_1e3b1a41.jpg
2026-07-01,sector,房地产,10,2.2,-2.97,1.17,中证A500,-0.59,11,False,neutral,,回避,不纳入,data/yupen-images/2026-07-02_5c2bc3d9_sector_1e3b1a41.jpg
2026-07-01,sector,电网设备,11,0.59,-4.84,1.05,中证A500,-0.59,12,False,neutral,,回避,不纳入,data/yupen-images/2026-07-02_5c2bc3d9_sector_1e3b1a41.jpg
2026-07-01,sector,有色金属,12,-0.03,-5.13,0.82,中证A500,-0.59,10,False,neutral,,回避,不纳入,data/yupen-images/2026-07-02_5c2bc3d9_sector_1e3b1a41.jpg
2026-07-01,sector,中证红利,13,1.71,-5.83,0.88,中证A500,-0.59,13,False,neutral,,回避,不纳入,data/yupen-images/2026-07-02_5c2bc3d9_sector_1e3b1a41.jpg
2026-07-01,sector,中证煤炭,14,2.87,-11.59,0.98,中证A500,-0.59,14,False,neutral,,回避,不纳入,data/yupen-images/2026-07-02_5c2bc3d9_sector_1e3b1a41.jpg
2026-07-02,index,科创50,1,-7.7,6.48,1.03,中证A500,-3.21,1,True,neutral,,趋势保持,不新增,data/yupen-images/2026-07-03_293faf33_index_3d8772aa.jpg
2026-07-02,index,中证500,3,-3.71,1.82,1.04,中证A500,-3.21,2,True,neutral,,趋势保持,不新增,data/yupen-images/2026-07-03_293faf33_index_3d8772aa.jpg
2026-07-02,index,中证1000,4,-2.83,0.85,1.01,中证A500,-3.21,3,False,neutral,,等待,观察,data/yupen-images/2026-07-03_293faf33_index_3d8772aa.jpg
2026-07-02,index,中证2000,7,-1.8,0.09,1.01,中证A500,-3.21,9,False,neutral,,等待,观察,data/yupen-images/2026-07-03_293faf33_index_3d8772aa.jpg
2026-07-02,index,上证50,8,-2.44,-0.21,1.02,中证A500,-3.21,8,False,neutral,,回避,不纳入,data/yupen-images/2026-07-03_293faf33_index_3d8772aa.jpg
2026-07-02,index,北证50,9,0.1,-0.55,1.1,中证A500,-3.21,13,False,neutral,,回避,不纳入,data/yupen-images/2026-07-03_293faf33_index_3d8772aa.jpg
2026-07-02,index,纳指100,12,-1.73,-1.11,1.13,标普500,-0.13,12,False,neutral,,回避,不纳入,data/yupen-images/2026-07-03_293faf33_index_3d8772aa.jpg
2026-07-02,index,沪深300,13,-2.96,-1.41,1.03,中证A500,-3.21,10,False,neutral,,回避,不纳入,data/yupen-images/2026-07-03_293faf33_index_3d8772aa.jpg
2026-07-02,index,创业板指,14,-5.71,-2.1,1.03,中证A500,-3.21,4,False,neutral,,回避,不纳入,data/yupen-images/2026-07-03_293faf33_index_3d8772aa.jpg
2026-07-02,index,微盘股,15,0.54,-2.47,1.02,中证A500,-3.21,16,False,neutral,,回避,不纳入,data/yupen-images/2026-07-03_293faf33_index_3d8772aa.jpg
2026-07-02,index,恒生科技,16,-0.4,-3.82,1.02,恒生指数,0.76,17,False,neutral,,回避,不纳入,data/yupen-images/2026-07-03_293faf33_index_3d8772aa.jpg
2026-07-02,index,国企指数,19,0.72,-5.51,1.07,恒生指数,0.76,19,False,neutral,,回避,不纳入,data/yupen-images/2026-07-03_293faf33_index_3d8772aa.jpg
2026-07-02,sector,半导体,1,-5.51,11.66,0.91,中证A500,-3.21,1,True,neutral,,趋势保持,不新增,data/yupen-images/2026-07-03_293faf33_sector_331d9832.jpg
2026-07-02,sector,CS创新药,2,0.0,11.43,1.1,中证A500,-3.21,2,True,neutral,,试探,不追高,data/yupen-images/2026-07-03_293faf33_sector_331d9832.jpg
2026-07-02,sector,证券公司,3,-2.47,6.08,0.94,中证A500,-3.21,3,True,neutral,,试探,等待确认,data/yupen-images/2026-07-03_293faf33_sector_331d9832.jpg
2026-07-02,sector,细分化工,4,-0.71,3.31,1.09,中证A500,-3.21,4,False,neutral,,等待,观察,data/yupen-images/2026-07-03_293faf33_sector_331d9832.jpg
2026-07-02,sector,机器人,5,-2.03,-0.75,1.15,中证A500,-3.21,6,False,neutral,,回避,不纳入,data/yupen-images/2026-07-03_293faf33_sector_331d9832.jpg
2026-07-02,sector,商业航天,6,-2.31,-0.96,0.9,中证A500,-3.21,5,False,neutral,,回避,不纳入,data/yupen-images/2026-07-03_293faf33_sector_331d9832.jpg
2026-07-02,sector,中证消费,7,-0.3,-1.52,0.97,中证A500,-3.21,9,False,neutral,,回避,不纳入,data/yupen-images/2026-07-03_293faf33_sector_331d9832.jpg
2026-07-02,sector,光伏设备,8,-2.78,-3.01,0.96,中证A500,-3.21,7,False,neutral,,回避,不纳入,data/yupen-images/2026-07-03_293faf33_sector_331d9832.jpg
2026-07-02,sector,新能源,9,-3.03,-3.41,0.96,中证A500,-3.21,8,False,neutral,,回避,不纳入,data/yupen-images/2026-07-03_293faf33_sector_331d9832.jpg
2026-07-02,sector,有色金属,10,0.9,-3.86,1.1,中证A500,-3.21,12,False,neutral,,回避,不纳入,data/yupen-images/2026-07-03_293faf33_sector_331d9832.jpg
2026-07-02,sector,房地产,11,-1.96,-4.36,1.05,中证A500,-3.21,10,False,neutral,,回避,不纳入,data/yupen-images/2026-07-03_293faf33_sector_331d9832.jpg
2026-07-02,sector,中证红利,12,0.91,-4.48,1.01,中证A500,-3.21,13,False,neutral,,回避,不纳入,data/yupen-images/2026-07-03_293faf33_sector_331d9832.jpg
2026-07-02,sector,电网设备,13,-0.94,-5.08,0.98,中证A500,-3.21,11,False,neutral,,回避,不纳入,data/yupen-images/2026-07-03_293faf33_sector_331d9832.jpg
2026-07-02,sector,中证煤炭,14,0.62,-9.89,1.15,中证A500,-3.21,14,False,neutral,,回避,不纳入,data/yupen-images/2026-07-03_293faf33_sector_331d9832.jpg
2026-07-03,index,科创50,1,-0.59,5.22,0.85,中证A500,0.68,1,True,neutral,,趋势保持,不新增,data/yupen-images/2026-07-06_c4e79b47_index_c653488b.jpg
2026-07-03,index,中证500,3,0.59,2.19,0.91,中证A500,0.68,3,True,neutral,,趋势保持,不新增,data/yupen-images/2026-07-06_c4e79b47_index_c653488b.jpg
2026-07-03,index,北证50,5,1.71,1.02,1.02,中证A500,0.68,9,False,neutral,,等待,观察,data/yupen-images/2026-07-06_c4e79b47_index_c653488b.jpg
2026-07-03,index,中证1000,6,-0.05,0.69,0.94,中证A500,0.68,4,False,neutral,,等待,观察,data/yupen-images/2026-07-06_c4e79b47_index_c653488b.jpg
2026-07-03,index,上证50,9,0.65,0.38,0.94,中证A500,0.68,8,False,neutral,,等待,观察,data/yupen-images/2026-07-06_c4e79b47_index_c653488b.jpg
2026-07-03,index,微盘股,10,2.49,0.26,1.0,中证A500,0.68,15,False,neutral,,等待,观察,data/yupen-images/2026-07-06_c4e79b47_index_c653488b.jpg
2026-07-03,index,中证2000,11,0.17,0.26,0.95,中证A500,0.68,7,False,neutral,,等待,观察,data/yupen-images/2026-07-06_c4e79b47_index_c653488b.jpg
2026-07-03,index,沪深300,13,0.62,-0.72,0.91,中证A500,0.68,13,False,neutral,,回避,不纳入,data/yupen-images/2026-07-06_c4e79b47_index_c653488b.jpg
2026-07-03,index,纳指100,14,-1.73,-0.97,1.13,标普500,-0.13,12,False,neutral,,回避,不纳入,data/yupen-images/2026-07-06_c4e79b47_index_c653488b.jpg
2026-07-03,index,创业板指,16,0.07,-1.98,0.93,中证A500,0.68,14,False,neutral,,回避,不纳入,data/yupen-images/2026-07-06_c4e79b47_index_c653488b.jpg
2026-07-03,index,恒生科技,17,1.0,-2.28,1.01,恒生指数,1.28,16,False,neutral,,回避,不纳入,data/yupen-images/2026-07-06_c4e79b47_index_c653488b.jpg
2026-07-03,index,国企指数,20,1.15,-3.88,0.85,恒生指数,1.28,19,False,neutral,,回避,不纳入,data/yupen-images/2026-07-06_c4e79b47_index_c653488b.jpg
2026-07-03,sector,CS创新药,1,2.76,13.54,0.99,中证A500,0.68,2,True,neutral,,试探,不追高,data/yupen-images/2026-07-06_c4e79b47_sector_708641c0.jpg
2026-07-03,sector,半导体,2,-2.53,7.82,0.83,中证A500,0.68,1,True,neutral,,趋势保持,不新增,data/yupen-images/2026-07-06_c4e79b47_sector_708641c0.jpg
2026-07-03,sector,证券公司,3,0.62,6.04,0.78,中证A500,0.68,3,True,neutral,,趋势保持,不新增,data/yupen-images/2026-07-06_c4e79b47_sector_708641c0.jpg
2026-07-03,sector,机器人,4,6.22,5.06,1.44,中证A500,0.68,5,False,neutral,,等待,观察,data/yupen-images/2026-07-06_c4e79b47_sector_708641c0.jpg
2026-07-03,sector,细分化工,5,-1.32,1.63,1.01,中证A500,0.68,4,False,neutral,,等待,观察,data/yupen-images/2026-07-06_c4e79b47_sector_708641c0.jpg
2026-07-03,sector,商业航天,6,1.68,0.71,0.91,中证A500,0.68,6,False,neutral,,等待,观察,data/yupen-images/2026-07-06_c4e79b47_sector_708641c0.jpg
2026-07-03,sector,中证消费,7,0.02,-1.2,0.73,中证A500,0.68,7,False,neutral,,回避,不纳入,data/yupen-images/2026-07-06_c4e79b47_sector_708641c0.jpg
2026-07-03,sector,有色金属,8,1.3,-2.4,1.16,中证A500,0.68,10,False,neutral,,回避,不纳入,data/yupen-images/2026-07-06_c4e79b47_sector_708641c0.jpg
2026-07-03,sector,新能源,9,0.38,-2.71,0.83,中证A500,0.68,9,False,neutral,,回避,不纳入,data/yupen-images/2026-07-06_c4e79b47_sector_708641c0.jpg
2026-07-03,sector,电网设备,10,1.95,-2.77,0.96,中证A500,0.68,13,False,neutral,,回避,不纳入,data/yupen-images/2026-07-06_c4e79b47_sector_708641c0.jpg
2026-07-03,sector,光伏设备,11,-0.28,-2.93,0.79,中证A500,0.68,8,False,neutral,,回避,不纳入,data/yupen-images/2026-07-06_c4e79b47_sector_708641c0.jpg
2026-07-03,sector,中证红利,12,1.02,-3.09,0.92,中证A500,0.68,12,False,neutral,,回避,不纳入,data/yupen-images/2026-07-06_c4e79b47_sector_708641c0.jpg
2026-07-03,sector,房地产,13,-0.07,-3.98,0.83,中证A500,0.68,11,False,neutral,,回避,不纳入,data/yupen-images/2026-07-06_c4e79b47_sector_708641c0.jpg
2026-07-03,sector,中证煤炭,14,0.88,-7.9,0.88,中证A500,0.68,14,False,neutral,,回避,不纳入,data/yupen-images/2026-07-06_c4e79b47_sector_708641c0.jpg
2026-07-06,index,科创50,1,1.04,5.39,0.81,中证A500,-0.33,1,True,neutral,,试探,等待确认,data/yupen-images/2026-07-07_e523b1d2_index_9fa73909.jpg
2026-07-06,index,上证50,4,0.91,1.09,0.96,中证A500,-0.33,9,False,neutral,,等待,观察,data/yupen-images/2026-07-07_e523b1d2_index_9fa73909.jpg
2026-07-06,index,中证500,6,8.0,0.85,0.94,中证A500,-0.33,3,False,neutral,,等待,观察,data/yupen-images/2026-07-07_e523b1d2_index_9fa73909.jpg
2026-07-06,index,纳指100,7,1.43,0.42,0.67,标普500,0.87,14,False,neutral,,等待,观察,data/yupen-images/2026-07-07_e523b1d2_index_9fa73909.jpg
2026-07-06,index,微盘股,9,-0.7,-0.05,0.91,中证A500,-0.33,10,False,neutral,,回避,不纳入,data/yupen-images/2026-07-07_e523b1d2_index_9fa73909.jpg
2026-07-06,index,沪深300,11,0.0,-0.76,0.91,中证A500,-0.33,13,False,neutral,,回避,不纳入,data/yupen-images/2026-07-07_e523b1d2_index_9fa73909.jpg
2026-07-06,index,恒生科技,12,0.94,-0.89,0.8,恒生指数,1.14,17,False,neutral,,回避,不纳入,data/yupen-images/2026-07-07_e523b1d2_index_9fa73909.jpg
2026-07-06,index,中证1000,14,-1.72,-1.12,0.93,中证A500,-0.33,6,False,neutral,,回避,不纳入,data/yupen-images/2026-07-07_e523b1d2_index_9fa73909.jpg
2026-07-06,index,中证2000,15,-2.13,-1.84,0.92,中证A500,-0.33,11,False,neutral,,回避,不纳入,data/yupen-images/2026-07-07_e523b1d2_index_9fa73909.jpg
2026-07-06,index,国企指数,17,1.46,-2.07,0.77,恒生指数,1.14,20,False,neutral,,回避,不纳入,data/yupen-images/2026-07-07_e523b1d2_index_9fa73909.jpg
2026-07-06,index,北证50,18,-3.25,-2.2,0.92,中证A500,-0.33,5,False,neutral,,回避,不纳入,data/yupen-images/2026-07-07_e523b1d2_index_9fa73909.jpg
2026-07-06,index,创业板指,19,-1.77,-3.71,0.9,中证A500,-0.33,16,False,neutral,,回避,不纳入,data/yupen-images/2026-07-07_e523b1d2_index_9fa73909.jpg
2026-07-06,sector,CS创新药,1,1.02,13.65,1.27,中证A500,-0.33,1,True,neutral,,试探,不追高,data/yupen-images/2026-07-07_e523b1d2_sector_24e7a367.jpg
2026-07-06,sector,半导体,2,-0.4,6.3,0.82,中证A500,-0.33,2,True,neutral,,趋势保持,不新增,data/yupen-images/2026-07-07_e523b1d2_sector_24e7a367.jpg
2026-07-06,sector,证券公司,3,0.5,5.87,0.78,中证A500,-0.33,3,True,neutral,,试探,等待确认,data/yupen-images/2026-07-07_e523b1d2_sector_24e7a367.jpg
2026-07-06,sector,机器人,4,-3.76,1.17,1.13,中证A500,-0.33,4,False,neutral,,等待,观察,data/yupen-images/2026-07-07_e523b1d2_sector_24e7a367.jpg
2026-07-06,sector,细分化工,5,-0.21,1.14,1.01,中证A500,-0.33,5,False,neutral,,等待,观察,data/yupen-images/2026-07-07_e523b1d2_sector_24e7a367.jpg
2026-07-06,sector,中证消费,6,1.99,0.96,0.97,中证A500,-0.33,7,False,neutral,,等待,观察,data/yupen-images/2026-07-07_e523b1d2_sector_24e7a367.jpg
2026-07-06,sector,中证红利,7,2.06,-0.75,1.04,中证A500,-0.33,12,False,neutral,,回避,不纳入,data/yupen-images/2026-07-07_e523b1d2_sector_24e7a367.jpg
2026-07-06,sector,商业航天,8,-3.08,-2.25,0.91,中证A500,-0.33,6,False,neutral,,回避,不纳入,data/yupen-images/2026-07-07_e523b1d2_sector_24e7a367.jpg
2026-07-06,sector,房地产,9,0.53,-3.06,0.84,中证A500,-0.33,13,False,neutral,,回避,不纳入,data/yupen-images/2026-07-07_e523b1d2_sector_24e7a367.jpg
2026-07-06,sector,中证煤炭,10,4.15,-3.07,1.18,中证A500,-0.33,14,False,neutral,,回避,不纳入,data/yupen-images/2026-07-07_e523b1d2_sector_24e7a367.jpg
2026-07-06,sector,有色金属,11,-1.45,-3.64,1.15,中证A500,-0.33,8,False,neutral,,回避,不纳入,data/yupen-images/2026-07-07_e523b1d2_sector_24e7a367.jpg
2026-07-06,sector,新能源,12,-1.78,-4.21,0.88,中证A500,-0.33,9,False,neutral,,回避,不纳入,data/yupen-images/2026-07-07_e523b1d2_sector_24e7a367.jpg
2026-07-06,sector,电网设备,13,-2.41,-4.55,1.02,中证A500,-0.33,10,False,neutral,,回避,不纳入,data/yupen-images/2026-07-07_e523b1d2_sector_24e7a367.jpg
2026-07-06,sector,光伏设备,14,-2.8,-5.21,0.77,中证A500,-0.33,11,False,neutral,,回避,不纳入,data/yupen-images/2026-07-07_e523b1d2_sector_24e7a367.jpg
2026-07-07,index,科创50,1,0.28,4.49,0.72,中证A500,-1.21,1,True,neutral,,试探,等待确认,data/yupen-images/2026-07-08_f7d8cfb1_index_91feaeb4.jpg
2026-07-07,index,上证50,3,-1.22,-0.31,0.84,中证A500,-1.21,4,False,neutral,,等待,观察,data/yupen-images/2026-07-08_f7d8cfb1_index_91feaeb4.jpg
2026-07-07,index,中证500,6,-1.65,-1.13,0.83,中证A500,-1.21,6,False,neutral,,回避,不纳入,data/yupen-images/2026-07-08_f7d8cfb1_index_91feaeb4.jpg
2026-07-07,index,恒生科技,7,-0.75,-1.23,1.2,恒生指数,-0.51,12,False,neutral,,回避,不纳入,data/yupen-images/2026-07-08_f7d8cfb1_index_91feaeb4.jpg
2026-07-07,index,纳指100,10,-1.85,-1.53,1.01,标普500,-0.49,7,False,neutral,,回避,不纳入,data/yupen-images/2026-07-08_f7d8cfb1_index_91feaeb4.jpg
2026-07-07,index,沪深300,12,-1.03,-1.86,0.78,中证A500,-1.21,11,False,neutral,,回避,不纳入,data/yupen-images/2026-07-08_f7d8cfb1_index_91feaeb4.jpg
2026-07-07,index,国企指数,13,-0.54,-2.18,0.91,恒生指数,-0.51,17,False,neutral,,回避,不纳入,data/yupen-images/2026-07-08_f7d8cfb1_index_91feaeb4.jpg
2026-07-07,index,北证50,14,-0.79,-2.6,0.79,中证A500,-1.21,18,False,neutral,,回避,不纳入,data/yupen-images/2026-07-08_f7d8cfb1_index_91feaeb4.jpg
2026-07-07,index,中证1000,15,-2.02,-3.24,0.82,中证A500,-1.21,14,False,neutral,,回避,不纳入,data/yupen-images/2026-07-08_f7d8cfb1_index_91feaeb4.jpg
2026-07-07,index,微盘股,16,-4.0,-3.59,0.93,中证A500,-1.21,9,False,neutral,,回避,不纳入,data/yupen-images/2026-07-08_f7d8cfb1_index_91feaeb4.jpg
2026-07-07,index,中证2000,17,-2.94,-4.66,0.83,中证A500,-1.21,15,False,neutral,,回避,不纳入,data/yupen-images/2026-07-08_f7d8cfb1_index_91feaeb4.jpg
2026-07-07,index,创业板指,18,-0.94,-4.73,0.78,中证A500,-1.21,19,False,neutral,,回避,不纳入,data/yupen-images/2026-07-08_f7d8cfb1_index_91feaeb4.jpg
2026-07-07,sector,CS创新药,1,-4.47,7.69,0.91,中证A500,-1.21,1,True,neutral,,趋势保持,不新增,data/yupen-images/2026-07-08_f7d8cfb1_sector_5e4ceef1.jpg
2026-07-07,sector,半导体,2,0.56,5.56,0.82,中证A500,-1.21,2,True,neutral,,试探,等待确认,data/yupen-images/2026-07-08_f7d8cfb1_sector_5e4ceef1.jpg
2026-07-07,sector,证券公司,3,-2.99,2.08,0.72,中证A500,-1.21,3,True,neutral,,趋势保持,不新增,data/yupen-images/2026-07-08_f7d8cfb1_sector_5e4ceef1.jpg
2026-07-07,sector,机器人,4,-1.41,-0.14,0.89,中证A500,-1.21,4,False,neutral,,回避,不纳入,data/yupen-images/2026-07-08_f7d8cfb1_sector_5e4ceef1.jpg
2026-07-07,sector,中证消费,5,-1.5,-0.39,0.81,中证A500,-1.21,6,False,neutral,,回避,不纳入,data/yupen-images/2026-07-08_f7d8cfb1_sector_5e4ceef1.jpg
2026-07-07,sector,中证红利,6,-1.42,-1.8,0.91,中证A500,-1.21,7,False,neutral,,回避,不纳入,data/yupen-images/2026-07-08_f7d8cfb1_sector_5e4ceef1.jpg
2026-07-07,sector,细分化工,7,-2.96,-2.12,0.81,中证A500,-1.21,5,False,neutral,,回避,不纳入,data/yupen-images/2026-07-08_f7d8cfb1_sector_5e4ceef1.jpg
2026-07-07,sector,中证煤炭,8,-2.74,-4.61,0.88,中证A500,-1.21,10,False,neutral,,回避,不纳入,data/yupen-images/2026-07-08_f7d8cfb1_sector_5e4ceef1.jpg
2026-07-07,sector,房地产,9,-2.11,-4.71,0.82,中证A500,-1.21,9,False,neutral,,回避,不纳入,data/yupen-images/2026-07-08_f7d8cfb1_sector_5e4ceef1.jpg
2026-07-07,sector,商业航天,10,-2.71,-4.8,0.78,中证A500,-1.21,8,False,neutral,,回避,不纳入,data/yupen-images/2026-07-08_f7d8cfb1_sector_5e4ceef1.jpg
2026-07-07,sector,新能源,11,-1.48,-5.52,0.79,中证A500,-1.21,12,False,neutral,,回避,不纳入,data/yupen-images/2026-07-08_f7d8cfb1_sector_5e4ceef1.jpg
2026-07-07,sector,有色金属,12,-3.03,-6.53,0.73,中证A500,-1.21,11,False,neutral,,回避,不纳入,data/yupen-images/2026-07-08_f7d8cfb1_sector_5e4ceef1.jpg
2026-07-07,sector,光伏设备,13,-2.05,-6.83,0.74,中证A500,-1.21,14,False,neutral,,回避,不纳入,data/yupen-images/2026-07-08_f7d8cfb1_sector_5e4ceef1.jpg
2026-07-07,sector,电网设备,14,-3.09,-7.01,0.83,中证A500,-1.21,13,False,neutral,,回避,不纳入,data/yupen-images/2026-07-08_f7d8cfb1_sector_5e4ceef1.jpg
2026-07-08,index,科创50,1,0.73,4.35,0.86,中证A500,-1.18,1,True,neutral,,试探,等待确认,data/yupen-images/2026-07-09_a7ef6dc4_index_173e49ee.jpg
2026-07-08,index,恒生科技,2,4.97,3.7,1.36,恒生指数,2.99,7,False,neutral,,试探,等待确认,data/yupen-images/2026-07-09_a7ef6dc4_index_173e49ee.jpg
2026-07-08,index,国企指数,3,4.04,1.93,1.09,恒生指数,2.99,13,False,neutral,,试探,等待确认,data/yupen-images/2026-07-09_a7ef6dc4_index_173e49ee.jpg
2026-07-08,index,上证50,7,-0.04,-0.48,0.85,中证A500,-1.18,3,False,neutral,,回避,不纳入,data/yupen-images/2026-07-09_a7ef6dc4_index_173e49ee.jpg
2026-07-08,index,纳指100,8,0.28,-1.11,0.86,标普500,-0.32,10,False,neutral,,回避,不纳入,data/yupen-images/2026-07-09_a7ef6dc4_index_173e49ee.jpg
2026-07-08,index,沪深300,10,-0.77,-2.56,0.8,中证A500,-1.18,12,False,neutral,,回避,不纳入,data/yupen-images/2026-07-09_a7ef6dc4_index_173e49ee.jpg
2026-07-08,index,中证500,11,-1.4,-2.62,0.83,中证A500,-1.18,6,False,neutral,,回避,不纳入,data/yupen-images/2026-07-09_a7ef6dc4_index_173e49ee.jpg
2026-07-08,index,微盘股,13,-0.31,-3.45,0.85,中证A500,-1.18,16,False,neutral,,回避,不纳入,data/yupen-images/2026-07-09_a7ef6dc4_index_173e49ee.jpg
2026-07-08,index,北证50,15,-2.59,-4.6,0.88,中证A500,-1.18,14,False,neutral,,回避,不纳入,data/yupen-images/2026-07-09_a7ef6dc4_index_173e49ee.jpg
2026-07-08,index,中证1000,16,-2.22,-5.27,0.82,中证A500,-1.18,15,False,neutral,,回避,不纳入,data/yupen-images/2026-07-09_a7ef6dc4_index_173e49ee.jpg
2026-07-08,index,创业板指,17,-1.7,-6.2,0.83,中证A500,-1.18,18,False,neutral,,回避,不纳入,data/yupen-images/2026-07-09_a7ef6dc4_index_173e49ee.jpg
2026-07-08,index,中证2000,18,-2.4,-6.7,0.81,中证A500,-1.18,17,False,neutral,,回避,不纳入,data/yupen-images/2026-07-09_a7ef6dc4_index_173e49ee.jpg
2026-07-08,sector,CS创新药,1,-2.38,4.45,0.72,中证A500,-1.18,1,True,neutral,,趋势保持,不新增,data/yupen-images/2026-07-09_a7ef6dc4_sector_0def1be3.jpg
2026-07-08,sector,半导体,2,-0.66,3.88,0.99,中证A500,-1.18,2,True,neutral,,试探,等待确认,data/yupen-images/2026-07-09_a7ef6dc4_sector_0def1be3.jpg
2026-07-08,sector,证券公司,3,-1.31,0.39,0.58,中证A500,-1.18,3,True,neutral,,趋势保持,不新增,data/yupen-images/2026-07-09_a7ef6dc4_sector_0def1be3.jpg
2026-07-08,sector,中证消费,4,-0.75,-0.95,0.73,中证A500,-1.18,5,False,neutral,,回避,不纳入,data/yupen-images/2026-07-09_a7ef6dc4_sector_0def1be3.jpg
2026-07-08,sector,中证红利,5,0.49,-0.98,0.96,中证A500,-1.18,6,False,neutral,,回避,不纳入,data/yupen-images/2026-07-09_a7ef6dc4_sector_0def1be3.jpg
2026-07-08,sector,中证煤炭,6,1.11,-2.6,0.86,中证A500,-1.18,8,False,neutral,,回避,不纳入,data/yupen-images/2026-07-09_a7ef6dc4_sector_0def1be3.jpg
2026-07-08,sector,房地产,7,0.23,-4.11,0.75,中证A500,-1.18,9,False,neutral,,回避,不纳入,data/yupen-images/2026-07-09_a7ef6dc4_sector_0def1be3.jpg
2026-07-08,sector,机器人,8,-4.54,-4.28,0.76,中证A500,-1.18,4,False,neutral,,回避,不纳入,data/yupen-images/2026-07-09_a7ef6dc4_sector_0def1be3.jpg
2026-07-08,sector,细分化工,9,-4.01,-6.06,0.77,中证A500,-1.18,7,False,neutral,,回避,不纳入,data/yupen-images/2026-07-09_a7ef6dc4_sector_0def1be3.jpg
2026-07-08,sector,商业航天,10,-2.33,-6.69,0.8,中证A500,-1.18,10,False,neutral,,回避,不纳入,data/yupen-images/2026-07-09_a7ef6dc4_sector_0def1be3.jpg
2026-07-08,sector,电网设备,11,-2.21,-8.44,0.79,中证A500,-1.18,14,False,neutral,,回避,不纳入,data/yupen-images/2026-07-09_a7ef6dc4_sector_0def1be3.jpg
2026-07-08,sector,新能源,12,-3.98,-8.85,0.87,中证A500,-1.18,11,False,neutral,,回避,不纳入,data/yupen-images/2026-07-09_a7ef6dc4_sector_0def1be3.jpg
2026-07-08,sector,有色金属,13,-2.85,-8.9,0.67,中证A500,-1.18,12,False,neutral,,回避,不纳入,data/yupen-images/2026-07-09_a7ef6dc4_sector_0def1be3.jpg
2026-07-08,sector,光伏设备,14,-3.39,-9.4,0.82,中证A500,-1.18,13,False,neutral,,回避,不纳入,data/yupen-images/2026-07-09_a7ef6dc4_sector_0def1be3.jpg
2026-07-09,index,科创50,1,8.41,11.54,1.1,中证A500,2.83,1,True,support,文章以BOLL下轨反弹和国产替代催化支持科创方向,主攻,不追高,data/yupen-images/2026-07-10_f231de43_index_64cd95a3.jpg
2026-07-09,index,恒生科技,2,0.01,3.75,1.07,恒生指数,-0.7,2,True,neutral,,试探,等待文章确认,data/yupen-images/2026-07-10_f231de43_index_64cd95a3.jpg
2026-07-09,index,上证50,3,2.57,1.84,0.99,中证A500,2.83,7,False,neutral,,等待,观察,data/yupen-images/2026-07-10_f231de43_index_64cd95a3.jpg
2026-07-09,index,国企指数,6,-1.08,1.05,0.94,恒生指数,-0.7,3,False,neutral,,等待,观察,data/yupen-images/2026-07-10_f231de43_index_64cd95a3.jpg
2026-07-09,index,纳指100,7,1.66,0.42,0.84,标普500,0.83,8,False,neutral,,等待,观察,data/yupen-images/2026-07-10_f231de43_index_64cd95a3.jpg
2026-07-09,index,中证500,8,3.13,0.07,0.96,中证A500,2.83,11,False,neutral,,等待,观察,data/yupen-images/2026-07-10_f231de43_index_64cd95a3.jpg
2026-07-09,index,沪深300,9,2.54,-0.23,0.99,中证A500,2.83,10,False,neutral,,回避,不纳入,data/yupen-images/2026-07-10_f231de43_index_64cd95a3.jpg
2026-07-09,index,创业板指,13,4.49,-2.17,0.97,中证A500,2.83,17,False,neutral,,回避,不纳入,data/yupen-images/2026-07-10_f231de43_index_64cd95a3.jpg
2026-07-09,index,中证1000,15,2.24,-3.2,0.93,中证A500,2.83,16,False,neutral,,回避,不纳入,data/yupen-images/2026-07-10_f231de43_index_64cd95a3.jpg
2026-07-09,index,微盘股,16,-0.29,-3.31,0.91,中证A500,2.83,13,False,neutral,,回避,不纳入,data/yupen-images/2026-07-10_f231de43_index_64cd95a3.jpg
2026-07-09,index,北证50,18,0.44,-3.9,0.98,中证A500,2.83,15,False,neutral,,回避,不纳入,data/yupen-images/2026-07-10_f231de43_index_64cd95a3.jpg
2026-07-09,index,中证2000,19,1.35,-5.29,0.95,中证A500,2.83,18,False,neutral,,回避,不纳入,data/yupen-images/2026-07-10_f231de43_index_64cd95a3.jpg
2026-07-09,sector,半导体,1,6.52,9.23,1.11,中证A500,2.83,2,True,support,文章以长鑫存储上市和国产替代Plan B支持半导体方向,主攻,不追高,data/yupen-images/2026-07-10_f231de43_sector_0648048c.jpg
2026-07-09,sector,CS创新药,2,1.84,5.66,0.79,中证A500,2.83,1,True,neutral,,趋势保持,不新增,data/yupen-images/2026-07-10_f231de43_sector_0648048c.jpg
2026-07-09,sector,证券公司,3,2.13,2.06,0.91,中证A500,2.83,3,True,neutral,,趋势保持,不新增,data/yupen-images/2026-07-10_f231de43_sector_0648048c.jpg
2026-07-09,sector,中证消费,4,-0.99,-1.64,0.8,中证A500,2.83,4,False,neutral,,回避,不纳入,data/yupen-images/2026-07-10_f231de43_sector_0648048c.jpg
2026-07-09,sector,中证红利,5,-1.22,-1.83,0.91,中证A500,2.83,5,False,neutral,,回避,不纳入,data/yupen-images/2026-07-10_f231de43_sector_0648048c.jpg
2026-07-09,sector,机器人,6,2.29,-2.03,0.74,中证A500,2.83,8,False,neutral,,回避,不纳入,data/yupen-images/2026-07-10_f231de43_sector_0648048c.jpg
2026-07-09,sector,房地产,7,1.26,-2.6,0.9,中证A500,2.83,7,False,neutral,,回避,不纳入,data/yupen-images/2026-07-10_f231de43_sector_0648048c.jpg
2026-07-09,sector,中证煤炭,8,-1.9,-3.62,0.81,中证A500,2.83,6,False,neutral,,回避,不纳入,data/yupen-images/2026-07-10_f231de43_sector_0648048c.jpg
2026-07-09,sector,商业航天,9,2.02,-4.65,1.0,中证A500,2.83,10,False,neutral,,回避,不纳入,data/yupen-images/2026-07-10_f231de43_sector_0648048c.jpg
2026-07-09,sector,细分化工,10,-0.61,-6.62,0.86,中证A500,2.83,9,False,neutral,,回避,不纳入,data/yupen-images/2026-07-10_f231de43_sector_0648048c.jpg
2026-07-09,sector,电网设备,11,0.25,-7.74,1.01,中证A500,2.83,11,False,neutral,,回避,不纳入,data/yupen-images/2026-07-10_f231de43_sector_0648048c.jpg
2026-07-09,sector,新能源,12,0.66,-8.01,1.02,中证A500,2.83,12,False,neutral,,回避,不纳入,data/yupen-images/2026-07-10_f231de43_sector_0648048c.jpg
2026-07-09,sector,光伏设备,13,0.15,-8.72,0.9,中证A500,2.83,14,False,neutral,,回避,不纳入,data/yupen-images/2026-07-10_f231de43_sector_0648048c.jpg
2026-07-09,sector,有色金属,14,-0.57,-9.17,0.93,中证A500,2.83,13,False,neutral,,回避,不纳入,data/yupen-images/2026-07-10_f231de43_sector_0648048c.jpg
2026-07-10,index,科创50,1,-5.53,4.3,1.4,中证A500,-1.88,1,True,neutral,,趋势保持,不新增,data/yupen-images/2026-07-13_d318b913_index_c2b3e223.jpg
2026-07-10,index,恒生科技,2,-0.21,3.55,0.85,恒生指数,0.6,2,True,neutral,,趋势保持,不新增,data/yupen-images/2026-07-13_d318b913_index_c2b3e223.jpg
2026-07-10,index,国企指数,4,0.52,1.76,0.86,恒生指数,0.6,6,False,neutral,,等待,观察,data/yupen-images/2026-07-13_d318b913_index_c2b3e223.jpg
2026-07-10,index,纳指100,6,0.31,0.42,0.68,标普500,0.43,7,False,neutral,,等待,观察,data/yupen-images/2026-07-13_d318b913_index_c2b3e223.jpg
2026-07-10,index,上证50,7,-1.34,0.31,1.07,中证A500,-1.88,3,False,neutral,,等待,观察,data/yupen-images/2026-07-13_d318b913_index_c2b3e223.jpg
2026-07-10,index,微盘股,9,2.27,-0.9,0.96,中证A500,-1.88,16,False,neutral,,回避,不纳入,data/yupen-images/2026-07-13_d318b913_index_c2b3e223.jpg
2026-07-10,index,中证500,12,-1.72,-1.91,1.17,中证A500,-1.88,8,False,neutral,,回避,不纳入,data/yupen-images/2026-07-13_d318b913_index_c2b3e223.jpg
2026-07-10,index,沪深300,13,-1.96,-2.25,1.11,中证A500,-1.88,9,False,neutral,,回避,不纳入,data/yupen-images/2026-07-13_d318b913_index_c2b3e223.jpg
2026-07-10,index,北证50,16,-0.02,-3.74,1.21,中证A500,-1.88,18,False,neutral,,回避,不纳入,data/yupen-images/2026-07-13_d318b913_index_c2b3e223.jpg
2026-07-10,index,中证1000,17,-1.23,-4.41,1.18,中证A500,-1.88,15,False,neutral,,回避,不纳入,data/yupen-images/2026-07-13_d318b913_index_c2b3e223.jpg
2026-07-10,index,中证2000,18,-0.12,-5.35,1.15,中证A500,-1.88,19,False,neutral,,回避,不纳入,data/yupen-images/2026-07-13_d318b913_index_c2b3e223.jpg
2026-07-10,index,创业板指,19,-4.37,-6.48,1.2,中证A500,-1.88,13,False,neutral,,回避,不纳入,data/yupen-images/2026-07-13_d318b913_index_c2b3e223.jpg
2026-07-10,sector,CS创新药,1,3.16,8.09,1.1,中证A500,-1.88,2,True,support,文章明确认可创新药授权增长逻辑,主攻,不追高,data/yupen-images/2026-07-13_d318b913_sector_209528c0.jpg
2026-07-10,sector,半导体,2,-5.28,2.53,1.3,中证A500,-1.88,1,True,neutral,,趋势保持,不新增,data/yupen-images/2026-07-13_d318b913_sector_209528c0.jpg
2026-07-10,sector,中证消费,3,1.97,0.49,1.19,中证A500,-1.88,4,False,neutral,,试探,等待确认,data/yupen-images/2026-07-13_d318b913_sector_209528c0.jpg
2026-07-10,sector,房地产,4,2.03,-0.41,1.54,中证A500,-1.88,7,False,neutral,,回避,不纳入,data/yupen-images/2026-07-13_d318b913_sector_209528c0.jpg
2026-07-10,sector,证券公司,5,-2.09,-0.64,0.98,中证A500,-1.88,3,False,neutral,,回避,不纳入,data/yupen-images/2026-07-13_d318b913_sector_209528c0.jpg
2026-07-10,sector,中证红利,6,-0.31,-1.78,0.97,中证A500,-1.88,5,False,neutral,,回避,不纳入,data/yupen-images/2026-07-13_d318b913_sector_209528c0.jpg
2026-07-10,sector,机器人,7,-0.09,-2.17,0.9,中证A500,-1.88,6,False,neutral,,回避,不纳入,data/yupen-images/2026-07-13_d318b913_sector_209528c0.jpg
2026-07-10,sector,商业航天,8,2.07,-2.68,1.35,中证A500,-1.88,9,False,neutral,,回避,不纳入,data/yupen-images/2026-07-13_d318b913_sector_209528c0.jpg
2026-07-10,sector,中证煤炭,9,-0.13,-2.92,1.08,中证A500,-1.88,8,False,neutral,,回避,不纳入,data/yupen-images/2026-07-13_d318b913_sector_209528c0.jpg
2026-07-10,sector,电网设备,10,1.49,-6.04,1.06,中证A500,-1.88,11,False,neutral,,回避,不纳入,data/yupen-images/2026-07-13_d318b913_sector_209528c0.jpg
2026-07-10,sector,光伏设备,11,0.89,-7.44,1.15,中证A500,-1.88,13,False,oppose,文章将光伏与电车的产能内卷风险并列,回避,不纳入,data/yupen-images/2026-07-13_d318b913_sector_209528c0.jpg
2026-07-10,sector,细分化工,12,-1.99,-8.3,0.93,中证A500,-1.88,10,False,neutral,,回避,不纳入,data/yupen-images/2026-07-13_d318b913_sector_209528c0.jpg
2026-07-10,sector,有色金属,13,0.52,-8.38,0.94,中证A500,-1.88,14,False,neutral,,回避,不纳入,data/yupen-images/2026-07-13_d318b913_sector_209528c0.jpg
2026-07-10,sector,新能源,14,-3.57,-10.91,1.12,中证A500,-1.88,12,False,oppose,文章明确认为电车行业产能饱和且内卷加深,回避,不纳入,data/yupen-images/2026-07-13_d318b913_sector_209528c0.jpg
2026-07-13,index,恒生科技,1,-0.96,2.54,0.84,恒生指数,0.16,2,True,support,文章认为港股最近一周相对A股更稳,趋势保持,不新增,data/yupen-images/2026-07-14_a2d30002_index_838ef81a.jpg
2026-07-13,index,国企指数,2,0.33,2.18,0.79,恒生指数,0.16,4,False,support,文章认为港股最近一周相对A股更稳,试探,等待确认,data/yupen-images/2026-07-14_a2d30002_index_838ef81a.jpg
2026-07-13,index,科创50,5,-3.42,-0.1,1.04,中证A500,-2.56,1,False,oppose,文章明确判断A股中短期趋势破位,回避,不纳入,data/yupen-images/2026-07-14_a2d30002_index_838ef81a.jpg
2026-07-13,index,上证50,6,-1.43,-1.15,1.13,中证A500,-2.56,7,False,neutral,,回避,不纳入,data/yupen-images/2026-07-14_a2d30002_index_838ef81a.jpg
2026-07-13,index,纳指100,8,-1.9,-1.52,1.08,标普500,-0.78,6,False,neutral,,回避,不纳入,data/yupen-images/2026-07-14_a2d30002_index_838ef81a.jpg
2026-07-13,index,沪深300,11,-1.79,-3.91,1.02,中证A500,-2.56,13,False,neutral,,回避,不纳入,data/yupen-images/2026-07-14_a2d30002_index_838ef81a.jpg
2026-07-13,index,微盘股,12,-3.53,-4.02,0.95,中证A500,-2.56,9,False,neutral,,回避,不纳入,data/yupen-images/2026-07-14_a2d30002_index_838ef81a.jpg
2026-07-13,index,中证500,14,-4.3,-6.15,1.02,中证A500,-2.56,12,False,neutral,,回避,不纳入,data/yupen-images/2026-07-14_a2d30002_index_838ef81a.jpg
2026-07-13,index,中证1000,16,-5.01,-8.98,1.07,中证A500,-2.56,17,False,neutral,,回避,不纳入,data/yupen-images/2026-07-14_a2d30002_index_838ef81a.jpg
2026-07-13,index,创业板指,17,-3.1,-9.26,1.04,中证A500,-2.56,19,False,neutral,,回避,不纳入,data/yupen-images/2026-07-14_a2d30002_index_838ef81a.jpg
2026-07-13,index,北证50,18,-6.78,-9.84,0.99,中证A500,-2.56,16,False,neutral,,回避,不纳入,data/yupen-images/2026-07-14_a2d30002_index_838ef81a.jpg
2026-07-13,index,中证2000,19,-5.65,-10.31,1.04,中证A500,-2.56,18,False,neutral,,回避,不纳入,data/yupen-images/2026-07-14_a2d30002_index_838ef81a.jpg
2026-07-13,sector,CS创新药,1,-0.7,6.58,0.99,中证A500,-2.56,1,True,support,文章称A股板块里唯独创新药还能扛一扛,试探,等待确认,data/yupen-images/2026-07-14_a2d30002_sector_ef39b165.jpg
2026-07-13,sector,中证消费,2,-0.12,0.61,1.06,中证A500,-2.56,3,True,neutral,,试探,等待文章确认,data/yupen-images/2026-07-14_a2d30002_sector_ef39b165.jpg
2026-07-13,sector,中证红利,3,0.27,-1.08,1.2,中证A500,-2.56,6,False,neutral,,等待,观察,data/yupen-images/2026-07-14_a2d30002_sector_ef39b165.jpg
2026-07-13,sector,证券公司,4,-0.95,-1.79,0.92,中证A500,-2.56,5,False,neutral,,回避,不纳入,data/yupen-images/2026-07-14_a2d30002_sector_ef39b165.jpg
2026-07-13,sector,中证煤炭,5,0.01,-2.02,0.93,中证A500,-2.56,9,False,neutral,,回避,不纳入,data/yupen-images/2026-07-14_a2d30002_sector_ef39b165.jpg
2026-07-13,sector,房地产,6,-2.79,-2.78,1.1,中证A500,-2.56,4,False,neutral,,回避,不纳入,data/yupen-images/2026-07-14_a2d30002_sector_ef39b165.jpg
2026-07-13,sector,半导体,7,-5.51,-3.78,1.07,中证A500,-2.56,2,False,oppose,文章指出美股存储与光通信明星股继续下跌且A股趋势破位,回避,不纳入,data/yupen-images/2026-07-14_a2d30002_sector_ef39b165.jpg
2026-07-13,sector,机器人,8,-5.82,-7.69,0.85,中证A500,-2.56,7,False,neutral,,回避,不纳入,data/yupen-images/2026-07-14_a2d30002_sector_ef39b165.jpg
2026-07-13,sector,商业航天,9,-6.82,-8.96,1.13,中证A500,-2.56,8,False,neutral,,回避,不纳入,data/yupen-images/2026-07-14_a2d30002_sector_ef39b165.jpg
2026-07-13,sector,电网设备,10,-4.69,-9.89,1.03,中证A500,-2.56,10,False,neutral,,回避,不纳入,data/yupen-images/2026-07-14_a2d30002_sector_ef39b165.jpg
2026-07-13,sector,细分化工,11,-3.92,-11.45,0.87,中证A500,-2.56,12,False,neutral,,回避,不纳入,data/yupen-images/2026-07-14_a2d30002_sector_ef39b165.jpg
2026-07-13,sector,有色金属,12,-4.22,-11.6,0.83,中证A500,-2.56,13,False,neutral,,回避,不纳入,data/yupen-images/2026-07-14_a2d30002_sector_ef39b165.jpg
2026-07-13,sector,光伏设备,13,-6.32,-12.62,0.99,中证A500,-2.56,11,False,neutral,,回避,不纳入,data/yupen-images/2026-07-14_a2d30002_sector_ef39b165.jpg
2026-07-13,sector,新能源,14,-3.89,-13.76,0.99,中证A500,-2.56,14,False,neutral,,回避,不纳入,data/yupen-images/2026-07-14_a2d30002_sector_ef39b165.jpg
2026-07-14,index,国企指数,1,0.46,2.84,0.9,恒生指数,0.52,2,True,neutral,,趋势保持,不新增,data/yupen-images/2026-07-15_55f62344_index_effa1423.jpg
2026-07-14,index,恒生科技,3,0.06,2.63,0.96,恒生指数,0.52,1,True,neutral,,趋势保持,不新增,data/yupen-images/2026-07-15_55f62344_index_effa1423.jpg
2026-07-14,index,上证50,5,1.45,0.24,1.18,中证A500,2.27,6,False,neutral,,等待,观察,data/yupen-images/2026-07-15_55f62344_index_effa1423.jpg
2026-07-14,index,科创50,6,0.77,0.03,0.89,中证A500,2.27,5,False,support,文章明确称科创50仍强且盘中下杀后重新由No转Yes,等待,观察,data/yupen-images/2026-07-15_55f62344_index_effa1423.jpg
2026-07-14,index,纳指100,7,1.12,-0.42,0.84,标普500,0.36,8,False,neutral,,回避,不纳入,data/yupen-images/2026-07-15_55f62344_index_effa1423.jpg
2026-07-14,index,微盘股,9,2.49,-1.33,0.96,中证A500,2.27,12,False,support,文章认为微盘股从后排持续回升且业绩预报期结束后反弹约束减弱,回避,不纳入,data/yupen-images/2026-07-15_55f62344_index_effa1423.jpg
2026-07-14,index,沪深300,10,2.15,-1.74,1.05,中证A500,2.27,11,False,neutral,,回避,不纳入,data/yupen-images/2026-07-15_55f62344_index_effa1423.jpg
2026-07-14,index,中证500,15,1.69,-4.49,0.99,中证A500,2.27,14,False,neutral,,回避,不纳入,data/yupen-images/2026-07-15_55f62344_index_effa1423.jpg
2026-07-14,index,创业板指,16,3.43,-5.94,0.92,中证A500,2.27,17,False,neutral,,回避,不纳入,data/yupen-images/2026-07-15_55f62344_index_effa1423.jpg
2026-07-14,index,中证1000,17,1.76,-7.05,0.96,中证A500,2.27,16,False,neutral,,回避,不纳入,data/yupen-images/2026-07-15_55f62344_index_effa1423.jpg
2026-07-14,index,北证50,18,2.25,-7.4,0.9,中证A500,2.27,18,False,neutral,,回避,不纳入,data/yupen-images/2026-07-15_55f62344_index_effa1423.jpg
2026-07-14,index,中证2000,19,1.81,-8.26,0.96,中证A500,2.27,19,False,neutral,,回避,不纳入,data/yupen-images/2026-07-15_55f62344_index_effa1423.jpg
2026-07-14,sector,CS创新药,1,3.31,9.12,1.18,中证A500,2.27,1,True,neutral,,试探,不追高,data/yupen-images/2026-07-15_55f62344_sector_85ba148e.jpg
2026-07-14,sector,中证煤炭,2,4.02,2.36,1.26,中证A500,2.27,5,False,neutral,,试探,等待确认,data/yupen-images/2026-07-15_55f62344_sector_85ba148e.jpg
2026-07-14,sector,中证红利,3,2.1,1.26,1.21,中证A500,2.27,3,True,neutral,,趋势保持,不新增,data/yupen-images/2026-07-15_55f62344_sector_85ba148e.jpg
2026-07-14,sector,中证消费,4,0.37,1.17,0.91,中证A500,2.27,2,False,neutral,,等待,观察,data/yupen-images/2026-07-15_55f62344_sector_85ba148e.jpg
2026-07-14,sector,证券公司,5,0.32,-1.66,0.94,中证A500,2.27,4,False,neutral,,回避,不纳入,data/yupen-images/2026-07-15_55f62344_sector_85ba148e.jpg
2026-07-14,sector,房地产,6,0.54,-1.83,0.8,中证A500,2.27,6,False,neutral,,回避,不纳入,data/yupen-images/2026-07-15_55f62344_sector_85ba148e.jpg
2026-07-14,sector,半导体,7,0.01,-4.19,1.0,中证A500,2.27,7,False,support,文章指出美股存储概念股普涨并预期相关市场情绪改善,回避,不纳入,data/yupen-images/2026-07-15_55f62344_sector_85ba148e.jpg
2026-07-14,sector,有色金属,8,5.54,-5.96,1.3,中证A500,2.27,12,False,neutral,,回避,不纳入,data/yupen-images/2026-07-15_55f62344_sector_85ba148e.jpg
2026-07-14,sector,机器人,9,0.65,-6.81,0.81,中证A500,2.27,8,False,neutral,,回避,不纳入,data/yupen-images/2026-07-15_55f62344_sector_85ba148e.jpg
2026-07-14,sector,电网设备,10,1.35,-8.03,0.94,中证A500,2.27,10,False,neutral,,回避,不纳入,data/yupen-images/2026-07-15_55f62344_sector_85ba148e.jpg
2026-07-14,sector,细分化工,11,2.91,-8.41,1.09,中证A500,2.27,11,False,neutral,,回避,不纳入,data/yupen-images/2026-07-15_55f62344_sector_85ba148e.jpg
2026-07-14,sector,商业航天,12,-0.46,-8.88,0.96,中证A500,2.27,9,False,neutral,,回避,不纳入,data/yupen-images/2026-07-15_55f62344_sector_85ba148e.jpg
2026-07-14,sector,光伏设备,13,0.63,-11.34,0.81,中证A500,2.27,13,False,neutral,,回避,不纳入,data/yupen-images/2026-07-15_55f62344_sector_85ba148e.jpg
2026-07-14,sector,新能源,14,1.25,-12.06,0.94,中证A500,2.27,14,False,neutral,,回避,不纳入,data/yupen-images/2026-07-15_55f62344_sector_85ba148e.jpg
